De;Para
Medicamentos Shopee;Medicamentos
Medicamentos > Analgésicos;Medicamentos
Medicamentos > Anti-inflamatório;Medicamentos
Medicamentos > Antibióticos;Medicamentos
Medicamentos > Broncodilatador;Medicamentos
Higiene e Limpeza > Coleiras Parasitarias;Medicamentos
Vitaminas e Suplementos;Medicamentos > Vitaminas e Suplementos
Vitaminas e Suplementos para cães;Medicamentos > Vitaminas e Suplementos
Cachorro;Acessórios > Roupas
Acessórios > Brinquedos;Brinquedos
Mães e Bebê > Bonecas e Pelúcias;Brinquedos > Pelúcias
Mães e Bebê > Naninha;Brinquedos > Pelúcias
Mães e Bebê > Babador;Acessórios > Roupas
Brinquedos > Pelucias;Brinquedos > Pelúcias
Gato > Petiscos e Biscoitos;Ração para Gatos > Petiscos para Gatos
Gato > Petiscos e Biscoitos > Bifinhos;Ração para Gatos > Petiscos para Gatos
Gato > Areia Higiênica;Higiene e Limpeza > Areia Higiênica
Arte, Papelaria e Armarinho > Artigos de Armarinho > Fita de Cetim;Armarinho > Fitas
Arte, Papelaria e Armarinho > Artigos de Armarinho > Pistolas de Cola;Armarinho
Artigos de Cuidado com a Casa > Outros;Higiene e Limpeza
Acessórios > Essenciais para Viagem;Acessórios > Transporte
Vitaminas e Suplementos;Medicamentos
Vitaminas e Suplementos para cães;Medicamentos
Medicamentos > Vitaminas e Suplementos;Medicamentos
Acessórios > Laços;Armarinho > Laços
Acessórios > Camas e Tapetes;Acessórios > Camas e Casinhas
Acessórios > Casinhas;Acessórios > Camas e Casinhas
Brinquedos > Bolas;Brinquedos
Brinquedos > Cordas;Brinquedos
