produto;de;para
Adaptil Ceva Difusor Elétrico + Refil 48 mL;Medicamentos;Medicamentos > Comportamento e Reprodução
ADAPTIL COLEIRA G;Medicamentos;Medicamentos > Comportamento e Reprodução
ADAPTIL COLEIRA P;Medicamentos;Medicamentos > Comportamento e Reprodução
ADAPTIL SPRAY 60ML;Medicamentos;Medicamentos > Comportamento e Reprodução
Alizin 10 mL Nro PedCli: 178369;Medicamentos;Medicamentos > Comportamento e Reprodução
Difusor FeliComfort Feliway Alívio de Estresse para Gatos com Refil - 48ml;Medicamentos;Medicamentos > Comportamento e Reprodução
FeliComfort - Feliway Redução/Prevenção de Problemas Comportamentais de Gatos - Difusor;Medicamentos;Medicamentos > Comportamento e Reprodução
Feliway Classic Ceva Spray;Medicamentos;Medicamentos > Comportamento e Reprodução
FELIWAY CLASSIC DIF+REF 48ML;Medicamentos;Medicamentos > Comportamento e Reprodução
FELIWAY CLASSIC REF 48ML;Medicamentos;Medicamentos > Comportamento e Reprodução
FELIWAY FRIENDS DIF+R 48ML BR;Medicamentos;Medicamentos > Comportamento e Reprodução
FELIWAY FRIENDS REF 48ML BR;Medicamentos;Medicamentos > Comportamento e Reprodução
FELIWAY OPTIMUM D+R 48ML BR;Medicamentos;Medicamentos > Comportamento e Reprodução
FELIWAY OPTIMUM REF 48ML BR;Medicamentos;Medicamentos > Comportamento e Reprodução
LOCAO DERMOCALMANTE IBASA 100ML;Medicamentos;Medicamentos > Comportamento e Reprodução
MOUSSE DERMOCALMANTE 50ML;Medicamentos;Medicamentos > Comportamento e Reprodução
Refil FeliComfort Feliway Alívio de Estresse para Gatos - 48ml;Medicamentos;Medicamentos > Comportamento e Reprodução
SH DERMOCALMANTE 200ML - IBASA;Medicamentos;Medicamentos > Comportamento e Reprodução
Spray Avert FeliComfort Feliway Redução do Estresse para Gatos - 30ml;Medicamentos;Medicamentos > Comportamento e Reprodução
Spray Avert FeliComfort Feliway Redução do Estresse para Gatos - 60ml;Medicamentos;Medicamentos > Comportamento e Reprodução
Afectrim Oral Duprat 100ml para Cães e Gatos;Medicamentos;Medicamentos > Antibióticos
Agemoxi CL 250mg com 10 comprimidos - Cães e gatos;Medicamentos;Medicamentos > Antibióticos
Agemoxi CL 50mg com 10 comprimidos - Cães e gatos;Medicamentos;Medicamentos > Antibióticos
Antibacteriano Agener União Doxitrat Cães e Gatos 200mg - 24 comprimidos;Medicamentos;Medicamentos > Antibióticos
Antibacteriano Agener União Doxitrat Cães e Gatos 50mg - 24 comprimidos;Medicamentos;Medicamentos > Antibióticos
Antibacteriano Agener União Doxitrat Cães e Gatos 80mg - 24 comprimidos;Medicamentos;Medicamentos > Antibióticos
Antibiótico Ceva Marbopet 27,5 mg - 10 Comprimidos;Medicamentos;Medicamentos > Antibióticos
Antibiótico Ceva Marbopet 82,5 mg - 10 Comprimidos;Medicamentos;Medicamentos > Antibióticos
Antibiótico Coveli em Spray Neodexa - 74 g;Medicamentos;Medicamentos > Antibióticos
Antibiótico Elanco Baytril Flavour Enrofloxacino  10 comprimidos - 150mg;Medicamentos;Medicamentos > Antibióticos
Antibiótico Elanco Baytril Flavour Enrofloxacino  10 comprimidos - 50mg;Medicamentos;Medicamentos > Antibióticos
Antibiótico Labyes Crema 6A 30g;Medicamentos;Medicamentos > Antibióticos
Antibiótico Ourofino Doxifin Tabs Para Cães e Gatos -Cartela com 6 ou 14 Comprimidos;Medicamentos;Medicamentos > Antibióticos
Antibiótico Ourofino Doxifin Tabs Para Cães e Gatos -Cartela com 6 ou 14 Comprimidos Opções:100mg (14 Comprimidos);Medicamentos;Medicamentos > Antibióticos
Antibiótico Ourofino Doxifin Tabs Para Cães e Gatos -Cartela com 6 ou 14 Comprimidos Opções:200mg (6 Comprimidos);Medicamentos;Medicamentos > Antibióticos
Antibiótico Ourofino Doxifin Tabs Para Cães e Gatos -Cartela com 6 ou 14 Comprimidos Opções:50mg (14 Comprimidos);Medicamentos;Medicamentos > Antibióticos
Antibiótico Vetnil Doxiciclina 25 mg para Cães e Gatos -14 comprimidos;Medicamentos;Medicamentos > Antibióticos
Antibiótico Vetnil Doxiciclina 50 mg para Cães e Gatos;Medicamentos;Medicamentos > Antibióticos
Antibiótico Virbac Rilexine Palatável para Cães e Gatos cartela com 07 Comprimidos - 300mg;Medicamentos;Medicamentos > Antibióticos
Antibiótico Virbac Rilexine Palatável para Cães e Gatos cartela com 07 Comprimidos - 600mg;Medicamentos;Medicamentos > Antibióticos
Antibiótico Virbac Rilexine Palatável para Cães e Gatos cartela com 07 Comprimidos - 75mg;Medicamentos;Medicamentos > Antibióticos
Antimicrobiano Clinbacter Cães e Gatos - 150mg;Medicamentos;Medicamentos > Antibióticos
Antimicrobiano Clinbacter Cães e Gatos - 75mg;Medicamentos;Medicamentos > Antibióticos
Antimicrobiano Dentário Oralguard Cepav - 150mg;Medicamentos;Medicamentos > Antibióticos
Antimicrobiano Dentário Oralguard Cepav - 50mg;Medicamentos;Medicamentos > Antibióticos
BAYTRIL 15MG;Medicamentos;Medicamentos > Antibióticos
CELESPORIN 150 MG (CARTELA COM 10);Medicamentos;Medicamentos > Antibióticos
CELESPORIN 600MG (CARTELA COM 10);Medicamentos;Medicamentos > Antibióticos
Furanil Pomada 50g Cicatrizante e Antimicrobiano para Cães, Gatos e Equinos;Medicamentos;Medicamentos > Antibióticos
Furanil Spray 60ml Cicatrizante e Antimicrobiano para Cães Gatos e Equinos;Medicamentos;Medicamentos > Antibióticos
Synulox Caixa Com 10 Comprimidos Palatáveis - 50 Mg;Medicamentos;Medicamentos > Antibióticos
Synulox Caixa Com 10 Comprimidos Palatáveis -250 Mg;Medicamentos;Medicamentos > Antibióticos
TRISSULFIN SID 1600 MG;Medicamentos;Medicamentos > Antibióticos
TRISSULFIN SID 400 MG;Medicamentos;Medicamentos > Antibióticos
Alcort 20mg Castel Pharma 10 comprimidos;Medicamentos;Medicamentos > Anti-inflamatórios e Analgésicos
Alcort 5mg Castel Pharma 10 comprimidos;Medicamentos;Medicamentos > Anti-inflamatórios e Analgésicos
ALIV PET 150MG 40CPD;Medicamentos;Medicamentos > Anti-inflamatórios e Analgésicos
ALIV PET 50MG 40CPD;Medicamentos;Medicamentos > Anti-inflamatórios e Analgésicos
Anti-Inflamatório Avert Mellis Vet para Cães de 10 a 15 Kg - 2mg;Medicamentos;Medicamentos > Anti-inflamatórios e Analgésicos
Anti-Inflamatório Avert Mellis Vet para Cães de 15 a 30 Kg - 3mg;Medicamentos;Medicamentos > Anti-inflamatórios e Analgésicos
Anti-Inflamatório Avert Mellis Vet para Cães de 30 a 40 Kg - 4mg;Medicamentos;Medicamentos > Anti-inflamatórios e Analgésicos
Anti-Inflamatório Avert Mellis Vet para Cães de 5 a 10 Kg - 0,5mg;Medicamentos;Medicamentos > Anti-inflamatórios e Analgésicos
Anti-inflamatório Avert Mellis Vet para Gatos - 0,2mg;Medicamentos;Medicamentos > Anti-inflamatórios e Analgésicos
Anti-inflamatório Carproflan 14 comprimidos;Medicamentos;Medicamentos > Anti-inflamatórios e Analgésicos
Anti-inflamatório Carproflan 14 comprimidos - 100mg;Medicamentos;Medicamentos > Anti-inflamatórios e Analgésicos
Anti-inflamatório Carproflan 14 comprimidos - 25mg;Medicamentos;Medicamentos > Anti-inflamatórios e Analgésicos
Anti-inflamatório Carproflan 14 comprimidos - 75mg;Medicamentos;Medicamentos > Anti-inflamatórios e Analgésicos
Anti-inflamatório Flamavet Cães e Gatos - 0.2mg;Medicamentos;Medicamentos > Anti-inflamatórios e Analgésicos
Anti-inflamatório Flamavet Cães e Gatos - 0.5mg;Medicamentos;Medicamentos > Anti-inflamatórios e Analgésicos
Anti-inflamatório Flamavet Cães e Gatos - 2mg;Medicamentos;Medicamentos > Anti-inflamatórios e Analgésicos
Anti-inflamatório Ketojet Cães e Gatos 10 Comprimidos;Medicamentos;Medicamentos > Anti-inflamatórios e Analgésicos
Anti-inflamatório Ketojet Cães e Gatos 10 Comprimidos - 20mg;Medicamentos;Medicamentos > Anti-inflamatórios e Analgésicos
Anti-inflamatório Onsior Cães 7 comprimidos 10 mg - 5 a 10kg;Medicamentos;Medicamentos > Anti-inflamatórios e Analgésicos
Anti-inflamatório Onsior Cães 7 comprimidos 20 mg - 10 a 20kg;Medicamentos;Medicamentos > Anti-inflamatórios e Analgésicos
Anti-inflamatório Onsior Cães 7 comprimidos 40 mg - 20kg;Medicamentos;Medicamentos > Anti-inflamatórios e Analgésicos
Anti-inflamatório Onsior Gatos 6 comprimidos 6 mg;Medicamentos;Medicamentos > Anti-inflamatórios e Analgésicos
Anti-Inflamatório para Cães Vetaflan Vetoquinol 10 ml;Medicamentos;Medicamentos > Anti-inflamatórios e Analgésicos
Cronidor 10 comprimidos - 12mg;Medicamentos;Medicamentos > Anti-inflamatórios e Analgésicos
Cronidor 10 comprimidos - 40mg;Medicamentos;Medicamentos > Anti-inflamatórios e Analgésicos
Cronidor 10 comprimidos - 80mg;Medicamentos;Medicamentos > Anti-inflamatórios e Analgésicos
Dermotrat Aerosol 75g Anti-inflamatório - VALIDADE PRÓXIMA;Medicamentos;Medicamentos > Anti-inflamatórios e Analgésicos
Dermotrat Aerosol 75g Anti-inflamatório 75 g;Medicamentos;Medicamentos > Anti-inflamatórios e Analgésicos
Dipirona Gotas Biovet - 20 ml;Medicamentos;Medicamentos > Anti-inflamatórios e Analgésicos
FIROCOXIB 150MG 7 COMP VETNIL;Medicamentos;Medicamentos > Anti-inflamatórios e Analgésicos
FIROCOXIB 25MG 14 COMP VETNIL;Medicamentos;Medicamentos > Anti-inflamatórios e Analgésicos
FIROCOXIB 50MG 14 COMP VETNIL;Medicamentos;Medicamentos > Anti-inflamatórios e Analgésicos
Firocoxib em Gel Vetnil 35g;Medicamentos;Medicamentos > Anti-inflamatórios e Analgésicos
GALLIPRANT 100MG 30 CPD;Medicamentos;Medicamentos > Anti-inflamatórios e Analgésicos
GALLIPRANT 100MG 7CPD;Medicamentos;Medicamentos > Anti-inflamatórios e Analgésicos
GALLIPRANT 20 MG 30 TAB X 1;Medicamentos;Medicamentos > Anti-inflamatórios e Analgésicos
GALLIPRANT 20 MG 7 TAB X 1;Medicamentos;Medicamentos > Anti-inflamatórios e Analgésicos
GALLIPRANT 60MG 30 COMPRIMIDOS;Medicamentos;Medicamentos > Anti-inflamatórios e Analgésicos
GALLIPRANT 60MG 7TAB X1BOTL BL;Medicamentos;Medicamentos > Anti-inflamatórios e Analgésicos
Gelo Pan 450g Relaxante Muscular;Medicamentos;Medicamentos > Anti-inflamatórios e Analgésicos
Gelopan Bisnaga 100 g Relaxante Muscular Pancada Vetnil;Medicamentos;Medicamentos > Anti-inflamatórios e Analgésicos
MAXICAM 2% 50ML;Medicamentos;Medicamentos > Anti-inflamatórios e Analgésicos
MAXICAM COMPRIMIDOS 0,5 MG - 10 COMP;Medicamentos;Medicamentos > Anti-inflamatórios e Analgésicos
NUMELVI 21.6MG 1X30TAB;Medicamentos;Medicamentos > Anti-inflamatórios e Analgésicos
NUMELVI 31.6MG 30TAB;Medicamentos;Medicamentos > Anti-inflamatórios e Analgésicos
NUMELVI 4.8MG 1X30TAB;Medicamentos;Medicamentos > Anti-inflamatórios e Analgésicos
NUMELVI 4.8MG 90TAB;Medicamentos;Medicamentos > Anti-inflamatórios e Analgésicos
NUMELVI 7.2MG 1X30TAB;Medicamentos;Medicamentos > Anti-inflamatórios e Analgésicos
NUMELVI 7.2MG 90TAB;Medicamentos;Medicamentos > Anti-inflamatórios e Analgésicos
Prednon 4mg/ml Solução Oral 30ml Com Dosador;Medicamentos;Medicamentos > Anti-inflamatórios e Analgésicos
Previcox Merial - 10 comprimidos;Medicamentos;Medicamentos > Anti-inflamatórios e Analgésicos
Previcox Merial - 10 comprimidos - 227mg;Medicamentos;Medicamentos > Anti-inflamatórios e Analgésicos
Previcox Merial - 10 comprimidos - 57mg;Medicamentos;Medicamentos > Anti-inflamatórios e Analgésicos
Rimadyl Zoetis 14 Comprimidos;Medicamentos;Medicamentos > Anti-inflamatórios e Analgésicos
Rimadyl Zoetis 14 Comprimidos - 100Mg;Medicamentos;Medicamentos > Anti-inflamatórios e Analgésicos
Rimadyl Zoetis 14 Comprimidos - 25Mg;Medicamentos;Medicamentos > Anti-inflamatórios e Analgésicos
Rimadyl Zoetis 14 Comprimidos - 75Mg;Medicamentos;Medicamentos > Anti-inflamatórios e Analgésicos
TROCOXIL 2 compr - 20 mg;Medicamentos;Medicamentos > Anti-inflamatórios e Analgésicos
TROCOXIL 2 compr - 30 mg;Medicamentos;Medicamentos > Anti-inflamatórios e Analgésicos
TROCOXIL 2 compr - 6 mg;Medicamentos;Medicamentos > Anti-inflamatórios e Analgésicos
TROCOXIL 75mg 2 comprimidos;Medicamentos;Medicamentos > Anti-inflamatórios e Analgésicos
Alergovet C 0,7 mg 10 comprimidos;Medicamentos;Medicamentos > Dermatológicos
Alergovet C 1,4 mg 10 comprimidos;Medicamentos;Medicamentos > Dermatológicos
ALLEQUA 10ML;Medicamentos;Medicamentos > Dermatológicos
Antisséptico Sept Clean Cães e Gatos 125 ml;Medicamentos;Medicamentos > Dermatológicos
Apoquel 16 Mg para Cachorro 20 Comprimidos;Medicamentos;Medicamentos > Dermatológicos
Apoquel 3,6 mg para Cachorro 20 Comprimidos;Medicamentos;Medicamentos > Dermatológicos
Apoquel 5,4 mg para Cachorro 20 Comprimidos;Medicamentos;Medicamentos > Dermatológicos
Calminex Pomada Anti-inflamatória 30 g;Medicamentos;Medicamentos > Dermatológicos
Cortavance Spray Dermatológico Virbac 76 ml;Medicamentos;Medicamentos > Dermatológicos
Cyclavance 15ml;Medicamentos;Medicamentos > Dermatológicos
Cyclavance 30ml;Medicamentos;Medicamentos > Dermatológicos
Cyclavance 50ml;Medicamentos;Medicamentos > Dermatológicos
DERMANEX 80G;Medicamentos;Medicamentos > Dermatológicos
FURANIL POMADA 500G;Medicamentos;Medicamentos > Dermatológicos
Ganadol Pomada Zoetis 50 g;Medicamentos;Medicamentos > Dermatológicos
Pelo e Derme 1500 Suplemento omega 3 e 6 dermatite 30 ou 60 comprimidos - 30 Cápsulas;Medicamentos;Medicamentos > Dermatológicos
Pelo e Derme 1500 Suplemento omega 3 e 6 dermatite 30 ou 60 comprimidos - 60 Cápsulas;Medicamentos;Medicamentos > Dermatológicos
PHISIODERM BANHO SECO 150ML;Medicamentos;Medicamentos > Dermatológicos
Phisioderm Hydrat Spray 250mL;Medicamentos;Medicamentos > Dermatológicos
Pomada Alantol Cicatrizante Para feridas cachorros Gatos Vetnil - 25g;Medicamentos;Medicamentos > Dermatológicos
POMADA CICATRIZANTE IBASA 40GR;Medicamentos;Medicamentos > Dermatológicos
Pomada Cicatrizante Labyes Crema 6A 15g;Medicamentos;Medicamentos > Dermatológicos
Pomada CMR Cicatrizante HomeoPet;Medicamentos;Medicamentos > Dermatológicos
Pomada CMR Cicatrizante HomeoPet - 15g;Medicamentos;Medicamentos > Dermatológicos
Pomada CMR Cicatrizante HomeoPet - 60g;Medicamentos;Medicamentos > Dermatológicos
Pomada Oftalmológica Keravit Vetnil para Cães e Gatos 5g;Medicamentos;Medicamentos > Dermatológicos
Pró-derma HomeoPet 30 ml;Medicamentos;Medicamentos > Dermatológicos
Suplemento Alimentar Avert Dermapet Pele e Pelagem para Cães e Gatos - 30 Cápsulas;Medicamentos;Medicamentos > Dermatológicos
Vetaglós Pomada Vetnil - 20g;Medicamentos;Medicamentos > Dermatológicos
Vetaglós Pomada Vetnil - 50g;Medicamentos;Medicamentos > Dermatológicos
Zenrelia Tab 15mg Dermatite Alérgica e Atópica - 30 Comprimidos;Medicamentos;Medicamentos > Dermatológicos
Zenrelia Tab 4,8mg Dermatite Alérgica e Atópica - 30 Comprimidos;Medicamentos;Medicamentos > Dermatológicos
Zenrelia Tab 6,4mg Dermatite Alérgica e Atópica - 30 Comprimidos;Medicamentos;Medicamentos > Dermatológicos
Zenrelia Tab 8.5mg Dermatite Alérgica e Atópica - 30 Comprimidos;Medicamentos;Medicamentos > Dermatológicos
Alzheim Pet HomeoPet 30 ml;Medicamentos;Medicamentos > Homeopatia e Florais
Anizen HomeoPet 30 ml;Medicamentos;Medicamentos > Homeopatia e Florais
Artros HomeoPet 30 ml;Medicamentos;Medicamentos > Homeopatia e Florais
Cardioplus HomeoPet 30 ml;Medicamentos;Medicamentos > Homeopatia e Florais
Cino-Control HomeoPet 30 ml;Medicamentos;Medicamentos > Homeopatia e Florais
Cist-Control HomeoPet 30 ml;Medicamentos;Medicamentos > Homeopatia e Florais
Diasin HomeoPet 14g – Diarreia e Distúrbios Intestinais em Cães e Gatos;Medicamentos;Medicamentos > Homeopatia e Florais
Displasia HomeoPet 30 ml;Medicamentos;Medicamentos > Homeopatia e Florais
Epi Control HomeoPet 30 ml;Medicamentos;Medicamentos > Homeopatia e Florais
Fusfelis Homeopet 30 ml;Medicamentos;Medicamentos > Homeopatia e Florais
Fusfelis Homeopet 30 ml - VALIDADE PRÓXIMA;Medicamentos;Medicamentos > Homeopatia e Florais
Intestin HomeoPet 30 ml;Medicamentos;Medicamentos > Homeopatia e Florais
Mais Vida H HomeoPet 30 ml;Medicamentos;Medicamentos > Homeopatia e Florais
Mais Vigor H HomeoPet 30 ml;Medicamentos;Medicamentos > Homeopatia e Florais
Ósseo HomeoPet 30 ml;Medicamentos;Medicamentos > Homeopatia e Florais
OTOCURA  EX HOMEOPET 30ML;Medicamentos;Medicamentos > Homeopatia e Florais
Otocura HomeoPet 30 ml;Medicamentos;Medicamentos > Homeopatia e Florais
Paracanis HomeoPet 30 ml;Medicamentos;Medicamentos > Homeopatia e Florais
Pró-Coluna HomeoPet 30 ml;Medicamentos;Medicamentos > Homeopatia e Florais
Pró-Fígado HomeoPet 30 ml;Medicamentos;Medicamentos > Homeopatia e Florais
Pró-gastro HomeoPet 30 ml;Medicamentos;Medicamentos > Homeopatia e Florais
Pro-parto HomeoPet 30 ml;Medicamentos;Medicamentos > Homeopatia e Florais
Pró-Rim HomeoPet 30 ml;Medicamentos;Medicamentos > Homeopatia e Florais
Strong HomeoPet 30 ml;Medicamentos;Medicamentos > Homeopatia e Florais
Trauma HomeoPet 30 ml;Medicamentos;Medicamentos > Homeopatia e Florais
Vision Pet HomeoPet 30 ml;Medicamentos;Medicamentos > Homeopatia e Florais
AMINOCANIS 100G;Medicamentos;Medicamentos > Suplementos e Vitaminas
AMINOCANIS PET 60 COMPRIMIDOS;Medicamentos;Medicamentos > Suplementos e Vitaminas
AMINOMIX FORTE 2,5KG;Medicamentos;Medicamentos > Suplementos e Vitaminas
Aminomix Gold Vetnil 100 g;Medicamentos;Medicamentos > Suplementos e Vitaminas
AMINOMIX PET 100G;Medicamentos;Medicamentos > Suplementos e Vitaminas
Antioxidante Labyes Gerioox Condroprotetor para Cães e Gatos;Medicamentos;Medicamentos > Suplementos e Vitaminas
Bionew 100ml Vitaminas do Complexo B;Medicamentos;Medicamentos > Suplementos e Vitaminas
Coalvet 14g - Suplemento Mineral Absorvente de Toxina de Rápida Ação;Medicamentos;Medicamentos > Suplementos e Vitaminas
Condroton 60 comprimidos - 1000mg;Medicamentos;Medicamentos > Suplementos e Vitaminas
Condroton 60 comprimidos - 500mg;Medicamentos;Medicamentos > Suplementos e Vitaminas
CONDROTON INJ 10ML;Medicamentos;Medicamentos > Suplementos e Vitaminas
ERITROS CAT PASTA 30GR;Medicamentos;Medicamentos > Suplementos e Vitaminas
FERROFOOD 15ML;Medicamentos;Medicamentos > Suplementos e Vitaminas
FERROFOOD 30 COMP 24G;Medicamentos;Medicamentos > Suplementos e Vitaminas
FERROFOOD 50 ML;Medicamentos;Medicamentos > Suplementos e Vitaminas
Florentero ACT Cartela 10 Comprimidos Palatáveis - Suplemento Complexo B Prebiótico e Probiótico;Medicamentos;Medicamentos > Suplementos e Vitaminas
Food Cat Adulto- Suplemento Vitamínico, Mineral e Aminoácido para Gatos;Medicamentos;Medicamentos > Suplementos e Vitaminas
Food Cat Adulto- Suplemento Vitamínico, Mineral e Aminoácido para Gatos - 100g;Medicamentos;Medicamentos > Suplementos e Vitaminas
Food Cat Adulto- Suplemento Vitamínico, Mineral e Aminoácido para Gatos - 500g;Medicamentos;Medicamentos > Suplementos e Vitaminas
Food Dog Adulto - Suplemento Vitamínico, Mineral e Aminoácido para Cães;Medicamentos;Medicamentos > Suplementos e Vitaminas
Food Dog Adulto - Suplemento Vitamínico, Mineral e Aminoácido para Cães - 100g;Medicamentos;Medicamentos > Suplementos e Vitaminas
Food Dog Adulto - Suplemento Vitamínico, Mineral e Aminoácido para Cães - 500g;Medicamentos;Medicamentos > Suplementos e Vitaminas
Food Dog Baixo Fósforo - Suplemento Vitamínico, Mineral e Aminoácido para Cães;Medicamentos;Medicamentos > Suplementos e Vitaminas
Food Dog Baixo Fósforo - Suplemento Vitamínico, Mineral e Aminoácido para Cães - 100g;Medicamentos;Medicamentos > Suplementos e Vitaminas
Food Dog Baixo Fósforo - Suplemento Vitamínico, Mineral e Aminoácido para Cães - 500g;Medicamentos;Medicamentos > Suplementos e Vitaminas
Food Dog Basic 100g - Suplemento Vitamínico, Mineral e Aminoácido para Cães;Medicamentos;Medicamentos > Suplementos e Vitaminas
Food Dog Dietas Hiperproteicas - Suplemento Vitamínico, Mineral e Aminoácido para Cães;Medicamentos;Medicamentos > Suplementos e Vitaminas
Food Dog Dietas Hiperproteicas - Suplemento Vitamínico, Mineral e Aminoácido para Cães - 100g;Medicamentos;Medicamentos > Suplementos e Vitaminas
Food Dog Dietas Hiperproteicas - Suplemento Vitamínico, Mineral e Aminoácido para Cães - 500g;Medicamentos;Medicamentos > Suplementos e Vitaminas
Food Dog Filhote - Suplemento Vitamínico, Mineral e Aminoácido para Cães;Medicamentos;Medicamentos > Suplementos e Vitaminas
Food Dog Filhote - Suplemento Vitamínico, Mineral e Aminoácido para Cães - 100g;Medicamentos;Medicamentos > Suplementos e Vitaminas
Food Dog Filhote - Suplemento Vitamínico, Mineral e Aminoácido para Cães - 500g;Medicamentos;Medicamentos > Suplementos e Vitaminas
Food Dog Fit Fibras - Suplemento Vitamínico, Mineral e Aminoácido para Cães;Medicamentos;Medicamentos > Suplementos e Vitaminas
Food Dog Fit Fibras - Suplemento Vitamínico, Mineral e Aminoácido para Cães - 100g;Medicamentos;Medicamentos > Suplementos e Vitaminas
Food Dog Fit Fibras - Suplemento Vitamínico, Mineral e Aminoácido para Cães - 500g;Medicamentos;Medicamentos > Suplementos e Vitaminas
Food Dog Sênior - Suplemento Vitamínico, Mineral e Aminoácido para Cães;Medicamentos;Medicamentos > Suplementos e Vitaminas
Food Dog Sênior - Suplemento Vitamínico, Mineral e Aminoácido para Cães - 100g;Medicamentos;Medicamentos > Suplementos e Vitaminas
Food Dog Sênior - Suplemento Vitamínico, Mineral e Aminoácido para Cães - 500g;Medicamentos;Medicamentos > Suplementos e Vitaminas
Food Dog Transition - Suplemento Vitamínico, Mineral e Aminoácido para Cães;Medicamentos;Medicamentos > Suplementos e Vitaminas
Food Dog Zero Proteína Animal - Suplemento Vitamínico, Mineral e Aminoácido para Cães;Medicamentos;Medicamentos > Suplementos e Vitaminas
Food Dog Zero Proteína Animal - Suplemento Vitamínico, Mineral e Aminoácido para Cães - 100g;Medicamentos;Medicamentos > Suplementos e Vitaminas
Food Dog Zero Proteína Animal - Suplemento Vitamínico, Mineral e Aminoácido para Cães - 500g;Medicamentos;Medicamentos > Suplementos e Vitaminas
GERIOOX (CARTELA COM 10);Medicamentos;Medicamentos > Suplementos e Vitaminas
Glicopan Gold Suplemento de Vitaminas para Pets Vetnil - 125ml;Medicamentos;Medicamentos > Suplementos e Vitaminas
Glicopan Gold Suplemento de Vitaminas para Pets Vetnil - 250ml;Medicamentos;Medicamentos > Suplementos e Vitaminas
Glicopan Gold Suplemento de Vitaminas para Pets Vetnil - 30ml;Medicamentos;Medicamentos > Suplementos e Vitaminas
Glicopan Gold Suplemento de Vitaminas Vetnil 30 Comprimidos;Medicamentos;Medicamentos > Suplementos e Vitaminas
Glicopan Pet Suplemento Vitamínico Mineral - Vetnil - 125ml;Medicamentos;Medicamentos > Suplementos e Vitaminas
Glicopan Pet Suplemento Vitamínico Mineral - Vetnil - 250ml;Medicamentos;Medicamentos > Suplementos e Vitaminas
Glicopan Pet Suplemento Vitamínico Mineral - Vetnil - 30ml;Medicamentos;Medicamentos > Suplementos e Vitaminas
HEMOLITAN PET 30COMP;Medicamentos;Medicamentos > Suplementos e Vitaminas
HEMOLITAN PET 30ML;Medicamentos;Medicamentos > Suplementos e Vitaminas
HEMOLITAN PET 60ML .;Medicamentos;Medicamentos > Suplementos e Vitaminas
Hidrapet Ômega Suplemento para Cães e gatos 60 cápsulas - Agener;Medicamentos;Medicamentos > Suplementos e Vitaminas
Hidrovit Vitamina para Aves 50ml;Medicamentos;Medicamentos > Suplementos e Vitaminas
IMDERME 500 45 CAPS;Medicamentos;Medicamentos > Suplementos e Vitaminas
IMDERME PUMP 110 GR;Medicamentos;Medicamentos > Suplementos e Vitaminas
Lactobac Dog Organnact 16g;Medicamentos;Medicamentos > Suplementos e Vitaminas
NUTRICALM 30 COMP;Medicamentos;Medicamentos > Suplementos e Vitaminas
NUTRICORE ALIVIUM MAXI 100MCG (CE-12);Medicamentos;Medicamentos > Suplementos e Vitaminas
NUTRICORE ALIVIUM MINI 50MCG  (CE-12);Medicamentos;Medicamentos > Suplementos e Vitaminas
NUTRICUPER DOG 120ML;Medicamentos;Medicamentos > Suplementos e Vitaminas
NUTRIFULL 120ML;Medicamentos;Medicamentos > Suplementos e Vitaminas
NUTRIFULL 30ML;Medicamentos;Medicamentos > Suplementos e Vitaminas
NUTRIFULL CAT 30ML;Medicamentos;Medicamentos > Suplementos e Vitaminas
Nuxcell Beta Cardio Suplemento Vitamínico Cães 8g - Validade Próxima;Medicamentos;Medicamentos > Suplementos e Vitaminas
NUXCELL FEL 2GR;Medicamentos;Medicamentos > Suplementos e Vitaminas
NUXCELL NEO 2GR;Medicamentos;Medicamentos > Suplementos e Vitaminas
NUXCELL PLUS 2GR;Medicamentos;Medicamentos > Suplementos e Vitaminas
NUXCELL PUFA 2GR;Medicamentos;Medicamentos > Suplementos e Vitaminas
NUXCELL PUFA 2GR - VALIDADE PRÓXIMA;Medicamentos;Medicamentos > Suplementos e Vitaminas
OGRAX DERME 5 30CAPS;Medicamentos;Medicamentos > Suplementos e Vitaminas
OGRAX SENIOR 5 30 CAPS;Medicamentos;Medicamentos > Suplementos e Vitaminas
ORG PROMUN CAT- PO MUN 50GR;Medicamentos;Medicamentos > Suplementos e Vitaminas
ORG PROMUN DOG TABS 52,5 G;Medicamentos;Medicamentos > Suplementos e Vitaminas
Organew - Vetnil - Probiótico/Prebiótico - 100 gramas;Medicamentos;Medicamentos > Suplementos e Vitaminas
Organew Pasta 32g Vetnil Suplemento Probiótico;Medicamentos;Medicamentos > Suplementos e Vitaminas
Organew Pet Pasta 12g VETNIL Suplemento Vitamínico prebiótico e probiótico contra diarréias doenças intestinais;Medicamentos;Medicamentos > Suplementos e Vitaminas
Organnact Eritrós Dog Tabs 18 g;Medicamentos;Medicamentos > Suplementos e Vitaminas
Organnact Promun Cat Pasta 30 g;Medicamentos;Medicamentos > Suplementos e Vitaminas
Pelo e Derme 750 DHA + EPA Vetnil;Medicamentos;Medicamentos > Suplementos e Vitaminas
Pelo e Derme 750 DHA + EPA Vetnil - 30 Cápsulas;Medicamentos;Medicamentos > Suplementos e Vitaminas
Pelo e Derme 750 DHA + EPA Vetnil - 60 Cápsulas;Medicamentos;Medicamentos > Suplementos e Vitaminas
Pelo e Derme Gold - Vetnil;Medicamentos;Medicamentos > Suplementos e Vitaminas
Pelo e Derme Gold - Vetnil - 30 comprimidos;Medicamentos;Medicamentos > Suplementos e Vitaminas
Pelo e Derme Gold - Vetnil - 60 comprimidos;Medicamentos;Medicamentos > Suplementos e Vitaminas
Pro Cart 1.000mg C/ 60 Comprimidos - Suplemento P/ Cães e Gatos;Medicamentos;Medicamentos > Suplementos e Vitaminas
Pro Cart 2.100mg (25Kg) C/ 60 Comprimidos - Suplemento P/ Cães;Medicamentos;Medicamentos > Suplementos e Vitaminas
Probiótico Vetnil para Cães e Gatos - 1x14g;Medicamentos;Medicamentos > Suplementos e Vitaminas
Promater Pet Suplemento Para Cães Gatos Aves Reprodução ou Gestação Pó 100g;Medicamentos;Medicamentos > Suplementos e Vitaminas
Sec Lac 20 2mg;Medicamentos;Medicamentos > Suplementos e Vitaminas
Sec Lac 5 0,5mg;Medicamentos;Medicamentos > Suplementos e Vitaminas
Suplemento  Complederm  Virbac para Cães 28x8 ml;Medicamentos;Medicamentos > Suplementos e Vitaminas
Suplemento  Complederm  Virbac para Cães e gatos  28x4 ml;Medicamentos;Medicamentos > Suplementos e Vitaminas
Suplemento Alimentar Ativi Ourofino 40 mg 30 comprimidos;Medicamentos;Medicamentos > Suplementos e Vitaminas
Suplemento Alimentar Avert Artrotabs Stick's para Cães  30 Stick's;Medicamentos;Medicamentos > Suplementos e Vitaminas
Suplemento Alimentar Avert Artrotabs Vet para Cães e Gatos 30 Comprimidos;Medicamentos;Medicamentos > Suplementos e Vitaminas
Suplemento Alimentar Avert Babyflora para Cães e Gatos 10g;Medicamentos;Medicamentos > Suplementos e Vitaminas
Suplemento Alimentar Avert Beneflora Derme para Cães e Gatos 30g;Medicamentos;Medicamentos > Suplementos e Vitaminas
Suplemento Alimentar Avert Beneflora Gatos 5g;Medicamentos;Medicamentos > Suplementos e Vitaminas
Suplemento Alimentar Avert Beneflora Oro para Cães e Gatos 30g;Medicamentos;Medicamentos > Suplementos e Vitaminas
Suplemento Alimentar Avert Beneflora VET para Cães e Gatos 14g;Medicamentos;Medicamentos > Suplementos e Vitaminas
Suplemento Alimentar Avert Cistimicin Vet 20 para Cães 30 Comprimidos;Medicamentos;Medicamentos > Suplementos e Vitaminas
Suplemento Alimentar Avert Cistimicin Vet para Cães e Gatos 30 comprimidos;Medicamentos;Medicamentos > Suplementos e Vitaminas
Suplemento Alimentar Avert Condroplex LB com 60 Comprimidos - 120g;Medicamentos;Medicamentos > Suplementos e Vitaminas
Suplemento Alimentar Avert Hepguard para Cães - 30 Comprimidos;Medicamentos;Medicamentos > Suplementos e Vitaminas
Suplemento Alimentar Avert Macrogard pasta para Gatos - 60g;Medicamentos;Medicamentos > Suplementos e Vitaminas
Suplemento Alimentar Avert Macrogard Pet para Cães e Gatos - 30 Comprimidos;Medicamentos;Medicamentos > Suplementos e Vitaminas
Suplemento Alimentar Avert Macrogard Pet Small Size para Cães e Gatos - 30 Comprimidos;Medicamentos;Medicamentos > Suplementos e Vitaminas
Suplemento Alimentar Avert Macrogard Pet Stick's para Cães - 30 Bastões;Medicamentos;Medicamentos > Suplementos e Vitaminas
Suplemento Alimentar Avert Nutrapet para Cães e Gatos 300g;Medicamentos;Medicamentos > Suplementos e Vitaminas
Suplemento Alimentar Avert Ograx Artro 10 para Cães e Gatos - 30 Cápsulas;Medicamentos;Medicamentos > Suplementos e Vitaminas
Suplemento Alimentar Avert Ograx Artro 20  para Cães - 30 Cápsulas;Medicamentos;Medicamentos > Suplementos e Vitaminas
Suplemento Alimentar Avert Ograx Artro 5 para Gatos - 30 Cápsulas;Medicamentos;Medicamentos > Suplementos e Vitaminas
Suplemento Alimentar Avert Ograx Baby para Cães e Gatos 30ml;Medicamentos;Medicamentos > Suplementos e Vitaminas
Suplemento Alimentar Avert Ograx Sênior 10 para Cães e Gatos;Medicamentos;Medicamentos > Suplementos e Vitaminas
Suplemento Alimentar Avert para Cães e Gatos Ograx Cell 15 - 30 CAPSULAS;Medicamentos;Medicamentos > Suplementos e Vitaminas
Suplemento Alimentar Avert para Cães e Gatos Ograx Cell 5 - 30 CAPSULAS;Medicamentos;Medicamentos > Suplementos e Vitaminas
Suplemento Alimentar Avert para Cães e Gatos Ograx Derme 10 - 30 capsulas;Medicamentos;Medicamentos > Suplementos e Vitaminas
Suplemento Alimentar Avert para Cães e Gatos Ograx Plus 15 - 30 capsulas;Medicamentos;Medicamentos > Suplementos e Vitaminas
Suplemento Alimentar Avert para Cães e Gatos Ograx Plus 5 -30 capsulas;Medicamentos;Medicamentos > Suplementos e Vitaminas
Suplemento Alimentar Avert para Cães Ograx Derme 20 - 30 capsulas;Medicamentos;Medicamentos > Suplementos e Vitaminas
Suplemento Alimentar Avert Queranon para Cães - 15 Kg - 30 capsulas;Medicamentos;Medicamentos > Suplementos e Vitaminas
Suplemento Alimentar Avert Queranon para Cães - 15 Kg - 30 comrimidos;Medicamentos;Medicamentos > Suplementos e Vitaminas
Suplemento Alimentar Avert Queranon para Cães até 30 Kg - 30 comprimidos;Medicamentos;Medicamentos > Suplementos e Vitaminas
Suplemento Alimentar Avert Queranon Small Size para Cães e Gatos - 5 Kg - 30 capsulas;Medicamentos;Medicamentos > Suplementos e Vitaminas
Suplemento Alimentar Avert Queranon Small Size para Cães e Gatos - 5 Kg - 30 comprimidos;Medicamentos;Medicamentos > Suplementos e Vitaminas
Suplemento Alimentar Ball Free Agener 70 g;Medicamentos;Medicamentos > Suplementos e Vitaminas
Suplemento Alimentar CondroPlex 1000 para Cães e Gatos de Médio e Grande Porte - 60 Cápsulas;Medicamentos;Medicamentos > Suplementos e Vitaminas
Suplemento Alimentar CondroPlex 1000 para Cães e Gatos de Médio e Grande Porte - 60 Comprimidos;Medicamentos;Medicamentos > Suplementos e Vitaminas
Suplemento Alimentar CondroPlex 500 para Cães e Gatos de Pequeno Porte - 60 Cápsulas;Medicamentos;Medicamentos > Suplementos e Vitaminas
Suplemento Alimentar CondroPlex 500 para Cães e Gatos de Pequeno Porte - 60 Comprimidos;Medicamentos;Medicamentos > Suplementos e Vitaminas
Suplemento Alimentar HB Fel Avert para Gatos - 70g;Medicamentos;Medicamentos > Suplementos e Vitaminas
Suplemento Alimentar Labyes Trihepat para Cães e Gatos;Medicamentos;Medicamentos > Suplementos e Vitaminas
Suplemento Alimentar Nutrisame para Cães e Gatos - Nutri Same100 - 15g;Medicamentos;Medicamentos > Suplementos e Vitaminas
Suplemento Alimentar Nutrisame para Cães e Gatos - Nutri Same200 - 30g;Medicamentos;Medicamentos > Suplementos e Vitaminas
Suplemento Alimentar Pro Cart Flex Cães e Gatos Agener 40 Cápsulas;Medicamentos;Medicamentos > Suplementos e Vitaminas
Suplemento Alimentar Quetin 10 para Cães - 1 UN;Medicamentos;Medicamentos > Suplementos e Vitaminas
Suplemento Alimentar Quetin 30 para Cães;Medicamentos;Medicamentos > Suplementos e Vitaminas
Suplemento Avert Artrotabs Pasta para Gatos 60g;Medicamentos;Medicamentos > Suplementos e Vitaminas
Suplemento Avert Condroplex LB Stick´s com 30 Bastões - 630g;Medicamentos;Medicamentos > Suplementos e Vitaminas
Suplemento Avert Condroplex pasta para Gatos 60g;Medicamentos;Medicamentos > Suplementos e Vitaminas
Suplemento Avert Condroplex Stick's com 45 Bastões - 315g;Medicamentos;Medicamentos > Suplementos e Vitaminas
Suplemento Avert Ograx Gatos 30 Cápsulas - 1 cx;Medicamentos;Medicamentos > Suplementos e Vitaminas
Suplemento Avert Ograx-3 1000 - 30 capsulas - 1cx;Medicamentos;Medicamentos > Suplementos e Vitaminas
Suplemento Avert Ograx-3 1500 - 30 capsulas -1cx;Medicamentos;Medicamentos > Suplementos e Vitaminas
Suplemento Avert Ograx-3 500 - 30 capsulas -1 cx;Medicamentos;Medicamentos > Suplementos e Vitaminas
Suplemento Avert Ograx-3 500 - 90 capsulas;Medicamentos;Medicamentos > Suplementos e Vitaminas
Suplemento Avert Oxcell 1000 30 Cápsulas;Medicamentos;Medicamentos > Suplementos e Vitaminas
Suplemento Avert Oxcell 500 30 Cápsulas;Medicamentos;Medicamentos > Suplementos e Vitaminas
Suplemento Avert Probiótico Pet - 14 g;Medicamentos;Medicamentos > Suplementos e Vitaminas
Suplemento Avert Seniox 1000 com 30 Cápsulas;Medicamentos;Medicamentos > Suplementos e Vitaminas
Suplemento Avert Seniox 500 com 30 Cápsulas;Medicamentos;Medicamentos > Suplementos e Vitaminas
Suplemento Avert Serenlac para Cães e Gatos 75 mg com 30 comprimidos;Medicamentos;Medicamentos > Suplementos e Vitaminas
Suplemento Avert Up Flora para Cães e Gatos 8 Cápsulas;Medicamentos;Medicamentos > Suplementos e Vitaminas
Suplemento Doogs Natural Dermo Care Cordeiro 50g;Medicamentos;Medicamentos > Suplementos e Vitaminas
Suplemento Gatos Calmyn Organnact 30 ml;Medicamentos;Medicamentos > Suplementos e Vitaminas
Suplemento Geripet Mastigáveis Vetnil C/30 Comprimidos;Medicamentos;Medicamentos > Suplementos e Vitaminas
Suplemento Hemolitan Gold 30 comprimidos 30 g;Medicamentos;Medicamentos > Suplementos e Vitaminas
Suplemento Hepvet 30 Comprimidos para Cães e Gatos;Medicamentos;Medicamentos > Suplementos e Vitaminas
Suplemento Hepvet Mastigáveis Vetnil C/30 Comprimidos;Medicamentos;Medicamentos > Suplementos e Vitaminas
Suplemento Hepvet Suspensão 60ml para Cães e Gatos;Medicamentos;Medicamentos > Suplementos e Vitaminas
Suplemento Mineral Avert Kalium Vet para Cães e Gatos - 30 Comprimidos;Medicamentos;Medicamentos > Suplementos e Vitaminas
Suplemento Mineral Avert Kalium Vet para Gatos - 30 Comprimidos;Medicamentos;Medicamentos > Suplementos e Vitaminas
Suplemento Nutralife Intensiv 300 g;Medicamentos;Medicamentos > Suplementos e Vitaminas
Suplemento Organnact Promun Dog Tabs;Medicamentos;Medicamentos > Suplementos e Vitaminas
Suplemento para Cães e Gatos Geripet 30 comprimidos;Medicamentos;Medicamentos > Suplementos e Vitaminas
Suplemento Para Cães E Gatos Lacri Caps - 40 Cápsulas;Medicamentos;Medicamentos > Suplementos e Vitaminas
Suplemento para Cães e Gatos Omega Top 40 Cápsulas - 1000mg;Medicamentos;Medicamentos > Suplementos e Vitaminas
Suplemento para Cães e Gatos Omega Top 40 Cápsulas - 500mg;Medicamentos;Medicamentos > Suplementos e Vitaminas
Suplemento Pet Milk;Medicamentos;Medicamentos > Suplementos e Vitaminas
Suplemento Pet Milk - 100g;Medicamentos;Medicamentos > Suplementos e Vitaminas
Suplemento Pet Milk - 300g;Medicamentos;Medicamentos > Suplementos e Vitaminas
Suplemento Proteico Avert Pet Protein para Cães e Gatos 300g;Medicamentos;Medicamentos > Suplementos e Vitaminas
Suplemento Refos Derme  Avert para Cães e Gatos 30 cpd;Medicamentos;Medicamentos > Suplementos e Vitaminas
Suplemento Refos Derme 30 Avert para Cães e Gatos 30 cpd;Medicamentos;Medicamentos > Suplementos e Vitaminas
Suplemento Renacats Bioctal para Gatos 50g;Medicamentos;Medicamentos > Suplementos e Vitaminas
Suplemento Sarcopen Caixa Cães e Gatos;Medicamentos;Medicamentos > Suplementos e Vitaminas
Suplemento Vetnil Eletrolitico Pet - 10 g - 1un;Medicamentos;Medicamentos > Suplementos e Vitaminas
Suplemento Vita Vet C Vetnil 30 ml;Medicamentos;Medicamentos > Suplementos e Vitaminas
Suplemento Vitamínico Aminoácido Avert Queranon Stick's para Cães - 30 tiras;Medicamentos;Medicamentos > Suplementos e Vitaminas
Suplemento Vitamínico Avert Doss Vet 100UI Gota;Medicamentos;Medicamentos > Suplementos e Vitaminas
Suplemento Vitamínico Avert Foli B para Cães e Gatos;Medicamentos;Medicamentos > Suplementos e Vitaminas
Suplemento Vitamínico Avert Hemolipet - 30 Comprimidos;Medicamentos;Medicamentos > Suplementos e Vitaminas
Suplemento Vitamínico Avert Hemolipet para Cães e Gatos;Medicamentos;Medicamentos > Suplementos e Vitaminas
Suplemento Vitamínico Avert Hemolipet para Cães e Gatos - 30ml;Medicamentos;Medicamentos > Suplementos e Vitaminas
Suplemento Vitamínico Avert Vitecol para Cães e Gatos;Medicamentos;Medicamentos > Suplementos e Vitaminas
Suplemento Vitamínico Glicopet Energético Avert para Cães e Gatos - 30ml;Medicamentos;Medicamentos > Suplementos e Vitaminas
Suplemento Vitamínico Hemolitan Gold Vetnil 30ml;Medicamentos;Medicamentos > Suplementos e Vitaminas
Suplemento Vitamínico Hemolitan Gold Vetnil 60ml;Medicamentos;Medicamentos > Suplementos e Vitaminas
Suplemento Vitamínico Mineral Hemolipet Stick’s Avert para Cães 30 Bastões - 210g;Medicamentos;Medicamentos > Suplementos e Vitaminas
Suplemento Vitamínico Nutripharme Nutricart 1000;Medicamentos;Medicamentos > Suplementos e Vitaminas
Suplemento Vitamínico Nutripharme Nutricart 1000 - 60 comprimidos;Medicamentos;Medicamentos > Suplementos e Vitaminas
Suplemento Vitamínico Nutripharme Support Milk Dog para Cães Filhotes - 300 g;Medicamentos;Medicamentos > Suplementos e Vitaminas
Suplemento Vitamínico Organnact Promum Dog - 50 g;Medicamentos;Medicamentos > Suplementos e Vitaminas
Suplemento Vitamínico-Aminoácido Avert Queranon Pasta para Gatos 70g;Medicamentos;Medicamentos > Suplementos e Vitaminas
TRIFLEX 100ML;Medicamentos;Medicamentos > Suplementos e Vitaminas
UP FLORA  10KG 30CAPS;Medicamentos;Medicamentos > Suplementos e Vitaminas
UP FLORA MINI 30 CÁPSULAS;Medicamentos;Medicamentos > Suplementos e Vitaminas
UP FLORA MINI 8 CÁPSULAS;Medicamentos;Medicamentos > Suplementos e Vitaminas
Vetnil Skin Care Defense Spray 250ml Nutrição e Hidratação;Medicamentos;Medicamentos > Suplementos e Vitaminas
Anti-Hipertensivo Avert Becordil para Cães - 30 comprimidos;Medicamentos;Medicamentos > Cardíacos e Renais
Diurético Avert Torzemin Torasemida para Cães 2mg;Medicamentos;Medicamentos > Cardíacos e Renais
Diurético Avert Torzemin Torasemida para Cães 4mg;Medicamentos;Medicamentos > Cardíacos e Renais
Fortekor Insuficiência Cardíaca e Renal 5 mg;Medicamentos;Medicamentos > Cardíacos e Renais
Furolisin 10 comprimidos - cartela - Cartela - 10mg;Medicamentos;Medicamentos > Cardíacos e Renais
Furolisin 10 comprimidos - cartela - Cartela - 20mg;Medicamentos;Medicamentos > Cardíacos e Renais
FUROLISIN 10MG 10 COMP;Medicamentos;Medicamentos > Cardíacos e Renais
FUROLISIN 20MG 10 COMP;Medicamentos;Medicamentos > Cardíacos e Renais
Petpril 10mg 30 comprimidos;Medicamentos;Medicamentos > Cardíacos e Renais
Petpril 30 Comprimidos Agener União Vasodilatador - 05 mg;Medicamentos;Medicamentos > Cardíacos e Renais
Petpril 5mg 30 comprimidos;Medicamentos;Medicamentos > Cardíacos e Renais
Revimax Propentofilina Cães 50mg 30 Comprimidos;Medicamentos;Medicamentos > Cardíacos e Renais
ROYAL CANIN RENAL CANINE 10,1KG;Medicamentos;Medicamentos > Cardíacos e Renais
URINARY FELINE 400G;Medicamentos;Medicamentos > Cardíacos e Renais
URINARY SMAL DOG CANINE 2KG;Medicamentos;Medicamentos > Cardíacos e Renais
Zelotril 12 comprimidos para Cães e Gatos;Medicamentos;Medicamentos > Cardíacos e Renais
Zelotril 12 comprimidos para Cães e Gatos - 150mg;Medicamentos;Medicamentos > Cardíacos e Renais
Zelotril 12 comprimidos para Cães e Gatos - 50mg;Medicamentos;Medicamentos > Cardíacos e Renais
Zelotril Oto frasco 30mL para Cães;Medicamentos;Medicamentos > Cardíacos e Renais
Antiemético Avert Vonau Vet para Cães;Medicamentos;Medicamentos > Digestivos e Hepáticos
Antiemético Emedron Cães e Gatos;Medicamentos;Medicamentos > Digestivos e Hepáticos
Antiemético Emedron Cães e Gatos - 10mg;Medicamentos;Medicamentos > Digestivos e Hepáticos
Antiemético Emedron Cães e Gatos - 20mg;Medicamentos;Medicamentos > Digestivos e Hepáticos
Antiemético Emedron Cães e Gatos - 5mg;Medicamentos;Medicamentos > Digestivos e Hepáticos
Cerenia 160 Mg - Zoetis Anti Enjoo Para Cães C/4 Comprimidos;Medicamentos;Medicamentos > Digestivos e Hepáticos
Cerenia 16Mg - Zoetis Anti Enjoo Para Cães C/4 Comprimidos;Medicamentos;Medicamentos > Digestivos e Hepáticos
Cerenia 24 Mg - Zoetis Anti Enjoo Para Cães C/4 Comprimidos;Medicamentos;Medicamentos > Digestivos e Hepáticos
Cerenia 60 Mg - Zoetis Anti Enjoo Para Cães C/4 Comprimidos;Medicamentos;Medicamentos > Digestivos e Hepáticos
Drasil Antiemético para cães e gatos 20 ml;Medicamentos;Medicamentos > Digestivos e Hepáticos
GASTRO INTEST CANINE H FIB 2KG;Medicamentos;Medicamentos > Digestivos e Hepáticos
GASTRO INTEST FIB RESP FELINE 1,5KG;Medicamentos;Medicamentos > Digestivos e Hepáticos
GASTRO INTESTINAL LOW FAT SMALL DOG 1,5KG;Medicamentos;Medicamentos > Digestivos e Hepáticos
GASTRO INTESTINAL LOW FAT SMALL DOG 7,5KG;Medicamentos;Medicamentos > Digestivos e Hepáticos
GASTRO INTESTINAL PUPPY CANINE 2KG;Medicamentos;Medicamentos > Digestivos e Hepáticos
Gaviz 5mg Omeprazol - Cartela 10 Comprimidos;Medicamentos;Medicamentos > Digestivos e Hepáticos
Gaviz V 10mg Antiácido Cães E Gatos 10 Comprimidos - Agener;Medicamentos;Medicamentos > Digestivos e Hepáticos
Gaviz V 20mg Antiácido Cães E Gatos 10 Comprimidos - Agener;Medicamentos;Medicamentos > Digestivos e Hepáticos
HEPATOX 20ML.;Medicamentos;Medicamentos > Digestivos e Hepáticos
Mirtz Gatos Agener 2mg - 12 Comprimidos;Medicamentos;Medicamentos > Digestivos e Hepáticos
ROYAL CANIN HEPATIC CANINE 10,1KG;Medicamentos;Medicamentos > Digestivos e Hepáticos
VONAU VET 12MG COM X 10;Medicamentos;Medicamentos > Digestivos e Hepáticos
VONAU VET 18MG COM X 10;Medicamentos;Medicamentos > Digestivos e Hepáticos
VONAU VET 30MG COM X 10;Medicamentos;Medicamentos > Digestivos e Hepáticos
VONAU VET 6MG COM X 10;Medicamentos;Medicamentos > Digestivos e Hepáticos
Antifúngico ITL Itraconazol Cepav 10 caps;Medicamentos;Medicamentos > Antifúngicos
Antifúngico ITL Itraconazol Cepav 10 caps - 100mg;Medicamentos;Medicamentos > Antifúngicos
Antifúngico ITL Itraconazol Cepav 10 caps - 25mg;Medicamentos;Medicamentos > Antifúngicos
Antifúngico ITL Itraconazol Cepav 10 caps - 50mg;Medicamentos;Medicamentos > Antifúngicos
CETOCONAZOL SPRAY 100 IBIZA;Medicamentos;Medicamentos > Antifúngicos
CETOCONAZOL SPRAY 200ML;Medicamentos;Medicamentos > Antifúngicos
CETOCONAZOL SUSPENSAO ORAL IBASA 20% 20ML;Medicamentos;Medicamentos > Antifúngicos
Antiparasitário Revolution Plus Zoetis para Gatos de 1,25 a 2,5kg - 0,25 mL - 1 pipeta;Medicamentos;Medicamentos > Antipulgas e Carrapatos
Antiparasitário Revolution Plus Zoetis para Gatos de 1,25 a 2,5kg - 0,25 mL - 3 pipetas;Medicamentos;Medicamentos > Antipulgas e Carrapatos
Antiparasitário Revolution Plus Zoetis para Gatos de 2,6 a 5kg - 0,50 mL - 1 pipeta;Medicamentos;Medicamentos > Antipulgas e Carrapatos
Antiparasitário Revolution Plus Zoetis para Gatos de 2,6 a 5kg - 0,50 mL - 3 pipetas;Medicamentos;Medicamentos > Antipulgas e Carrapatos
Antiparasitário Revolution Plus Zoetis para Gatos de 5,1 kg a 10 kg - 1 ml - 1 pipeta;Medicamentos;Medicamentos > Antipulgas e Carrapatos
Antiparasitário Revolution Plus Zoetis para Gatos de 5,1 kg a 10 kg - 1 ml - 3 pipetas;Medicamentos;Medicamentos > Antipulgas e Carrapatos
Antipulgas Advocate Cães 10kg a 25kg - 2.5ml - 1 Pipeta;Medicamentos;Medicamentos > Antipulgas e Carrapatos
Antipulgas Advocate Cães 10kg a 25kg - 2.5ml - 3 Pipetas;Medicamentos;Medicamentos > Antipulgas e Carrapatos
Antipulgas Advocate Cães 4kg a 10kg - 1.0ml - 3 Pipetas;Medicamentos;Medicamentos > Antipulgas e Carrapatos
Antipulgas Advocate Cães até 4kg - 0,4ml - 1 pipeta;Medicamentos;Medicamentos > Antipulgas e Carrapatos
Antipulgas Advocate Cães até 4kg - 0,4ml - 3 pipetas;Medicamentos;Medicamentos > Antipulgas e Carrapatos
Antipulgas Advocate Gatos 4kg a 8kg - 0,8ml - 1 pipeta;Medicamentos;Medicamentos > Antipulgas e Carrapatos
Antipulgas Advocate Gatos 4kg a 8kg - 0,8ml - 3 pipetas;Medicamentos;Medicamentos > Antipulgas e Carrapatos
Antipulgas Advocate Gatos até 4kg -0.4ml - 1 pipeta;Medicamentos;Medicamentos > Antipulgas e Carrapatos
Antipulgas Advocate Gatos até 4kg -0.4ml - 3 pipetas;Medicamentos;Medicamentos > Antipulgas e Carrapatos
Antipulgas Bravecto Cães 2 a 4,5 kg 1 Comprimido Mastigável VALIDADE 30/05;Medicamentos;Medicamentos > Antipulgas e Carrapatos
Antipulgas e Carrapatos Bravecto Comprimido Mastigável de 1000mg para Cães de 20 a 40kg;Medicamentos;Medicamentos > Antipulgas e Carrapatos
Antipulgas e Carrapatos Bravecto Comprimido Mastigável de 112,5mg para Cães de 2 a 4,5kg;Medicamentos;Medicamentos > Antipulgas e Carrapatos
Antipulgas e Carrapatos Bravecto Comprimido Mastigável de 1400mg para Cães de 40 a 56kg;Medicamentos;Medicamentos > Antipulgas e Carrapatos
Antipulgas e Carrapatos Bravecto Comprimido Mastigável de 250mg para Cães de 4,5 A 10kg;Medicamentos;Medicamentos > Antipulgas e Carrapatos
Antipulgas e Carrapatos Bravecto Comprimido Mastigável de 500mg para Cães de 10 a 20kg;Medicamentos;Medicamentos > Antipulgas e Carrapatos
Antipulgas e Carrapatos Cães Pulvex Pour On 1 pipeta;Medicamentos;Medicamentos > Antipulgas e Carrapatos
Antipulgas e Carrapatos Elanco Credeli 112,5 mg para Cães de 2,5 a 5,5 Kg - 1 Comprimido;Medicamentos;Medicamentos > Antipulgas e Carrapatos
Antipulgas e Carrapatos Elanco Credeli 112,5 mg para Cães de 2,5 a 5,5 Kg - 3 comprimidos;Medicamentos;Medicamentos > Antipulgas e Carrapatos
Antipulgas e Carrapatos Elanco Credeli 225 mg para Cães de 5,5 até 11 Kg - 1 comprimido;Medicamentos;Medicamentos > Antipulgas e Carrapatos
Antipulgas e Carrapatos Elanco Credeli 225 mg para Cães de 5,5 até 11 Kg - 3 comprimidos;Medicamentos;Medicamentos > Antipulgas e Carrapatos
Antipulgas e Carrapatos Elanco Credeli 450 mg para Cães de 11 até 22 Kg - 1 comprimido;Medicamentos;Medicamentos > Antipulgas e Carrapatos
Antipulgas e Carrapatos Elanco Credeli 450 mg para Cães de 11 até 22 Kg - 3 comprimidos;Medicamentos;Medicamentos > Antipulgas e Carrapatos
Antipulgas e Carrapatos Elanco Credeli 900 mg para Cães de 22 até 45 Kg - 1 comprimido;Medicamentos;Medicamentos > Antipulgas e Carrapatos
Antipulgas e Carrapatos Elanco Credeli 900 mg para Cães de 22 até 45 Kg - 3 comprimidos;Medicamentos;Medicamentos > Antipulgas e Carrapatos
Antipulgas e Carrapatos Elanco Credeli Lotilaner para Cães de 1,3 a 2,5 Kg - 1 Comprimido;Medicamentos;Medicamentos > Antipulgas e Carrapatos
Antipulgas e Carrapatos Elanco Credeli Lotilaner para Cães de 1,3 a 2,5 Kg - 3 comprimidos;Medicamentos;Medicamentos > Antipulgas e Carrapatos
Antipulgas e Carrapatos Frontline Spray Cães e Gatos;Medicamentos;Medicamentos > Antipulgas e Carrapatos
Antipulgas e Carrapatos Frontline Spray Cães e Gatos - 100ml;Medicamentos;Medicamentos > Antipulgas e Carrapatos
Antipulgas e Carrapatos Frontline Spray Cães e Gatos - 250ml;Medicamentos;Medicamentos > Antipulgas e Carrapatos
Antipulgas e Carrapatos Zoetis Revolution 12% para Cães de 10 a 20 Kg - 120 mg - 1 Tubo;Medicamentos;Medicamentos > Antipulgas e Carrapatos
Antipulgas e Carrapatos Zoetis Revolution 12% para Cães de 10 a 20 Kg - 120 mg - 3 Tubos;Medicamentos;Medicamentos > Antipulgas e Carrapatos
Antipulgas e Carrapatos Zoetis Revolution 12% para Cães de 2,5 a 5 kg - 30 mg - 1 Tubo;Medicamentos;Medicamentos > Antipulgas e Carrapatos
Antipulgas e Carrapatos Zoetis Revolution 12% para Cães de 20 a 40 kg - 240 mg - 1 Tubo;Medicamentos;Medicamentos > Antipulgas e Carrapatos
Antipulgas e Carrapatos Zoetis Revolution 12% para Cães de 20 a 40 kg - 240 mg - 3 Tubos;Medicamentos;Medicamentos > Antipulgas e Carrapatos
Antipulgas e Carrapatos Zoetis Revolution 12% para Cães de 5 a 10 Kg - 60 mg - 1 Tubo;Medicamentos;Medicamentos > Antipulgas e Carrapatos
Antipulgas e Carrapatos Zoetis Revolution 12% para Cães de 5 a 10 Kg - 60 mg - 3 Tubos;Medicamentos;Medicamentos > Antipulgas e Carrapatos
Antipulgas e Carrapatos Zoetis Revolution 6% para Cães e Gatos até 2,5 kg - 15 mg - 1 Tubo;Medicamentos;Medicamentos > Antipulgas e Carrapatos
Antipulgas e Carrapatos Zoetis Revolution 6% para Cães e Gatos até 2,5 kg - 15 mg - 3 Tubo;Medicamentos;Medicamentos > Antipulgas e Carrapatos
Antipulgas e Carrapatos Zoetis Revolution 6% para Gatos de 2,5 a 7,5 kg - 45 mg - 1 Tubo;Medicamentos;Medicamentos > Antipulgas e Carrapatos
Antipulgas e Carrapatos Zoetis Revolution 6% para Gatos de 2,5 a 7,5 kg - 45 mg - 3 Tubo;Medicamentos;Medicamentos > Antipulgas e Carrapatos
Antipulgas Elanco Capstar 11 mg para Cães e Gatos até 11,4 Kg;Medicamentos;Medicamentos > Antipulgas e Carrapatos
Antipulgas Elanco Capstar 11 mg para Cães e Gatos até 11,4 Kg - 1 comprimido;Medicamentos;Medicamentos > Antipulgas e Carrapatos
Antipulgas Elanco Capstar 11 mg para Cães e Gatos até 11,4 Kg - 6 comprimido;Medicamentos;Medicamentos > Antipulgas e Carrapatos
Antipulgas para Cães e Gatos Invicto 11,4 mg;Medicamentos;Medicamentos > Antipulgas e Carrapatos
Antipulgas para Cães e Gatos Invicto de 11.4 a 57 kg;Medicamentos;Medicamentos > Antipulgas e Carrapatos
Antipulgas Simparic Cães 10mg 2,6 a 5 kg 1 comprimido;Medicamentos;Medicamentos > Antipulgas e Carrapatos
Antipulgas Zoetis Simparic 10 mg para Cães 2,6 a 5 Kg - 3 comprimidos;Medicamentos;Medicamentos > Antipulgas e Carrapatos
Antipulgas Zoetis Simparic 120 mg para Cães 40,1 á 60 Kg - 1 comprimido;Medicamentos;Medicamentos > Antipulgas e Carrapatos
Antipulgas Zoetis Simparic 120 mg para Cães 40,1 á 60 Kg - 3 comprimidos;Medicamentos;Medicamentos > Antipulgas e Carrapatos
Antipulgas Zoetis Simparic 20 mg para Cães 5,1 a 10 Kg - 1 comprimido;Medicamentos;Medicamentos > Antipulgas e Carrapatos
Antipulgas Zoetis Simparic 20 mg para Cães 5,1 a 10 Kg - 3 comprimidos;Medicamentos;Medicamentos > Antipulgas e Carrapatos
Antipulgas Zoetis Simparic 40 mg para Cães 10,1 a 20 Kg - 1 comprimido;Medicamentos;Medicamentos > Antipulgas e Carrapatos
Antipulgas Zoetis Simparic 40 mg para Cães 10,1 a 20 Kg - 3 comprimidos;Medicamentos;Medicamentos > Antipulgas e Carrapatos
Antipulgas Zoetis Simparic 5 mg para Cães 1,3 a 2,5 Kg - 1 comprimido;Medicamentos;Medicamentos > Antipulgas e Carrapatos
Antipulgas Zoetis Simparic 5 mg para Cães 1,3 a 2,5 Kg - 3 comprimidos;Medicamentos;Medicamentos > Antipulgas e Carrapatos
Antipulgas Zoetis Simparic 80 mg para Cães 20,1 a 40 Kg - 1 comprimido;Medicamentos;Medicamentos > Antipulgas e Carrapatos
Antipulgas Zoetis Simparic 80 mg para Cães 20,1 a 40 Kg - 3 comprimidos;Medicamentos;Medicamentos > Antipulgas e Carrapatos
Antipulgas Zoetis Simparic Trio 12 mg para Cães de 5,1 Kg a 10 Kg - 1 comprimido;Medicamentos;Medicamentos > Antipulgas e Carrapatos
Antipulgas Zoetis Simparic Trio 12 mg para Cães de 5,1 Kg a 10 Kg - 3 comprimidos;Medicamentos;Medicamentos > Antipulgas e Carrapatos
Antipulgas Zoetis Simparic Trio 24mg para Cães de 10,1 Kg a 20 Kg - 1 comprimido;Medicamentos;Medicamentos > Antipulgas e Carrapatos
Antipulgas Zoetis Simparic Trio 24mg para Cães de 10,1 Kg a 20 Kg - 3 comprimidos;Medicamentos;Medicamentos > Antipulgas e Carrapatos
Antipulgas Zoetis Simparic Trio 3 mg para Cães de 1,5 Kg a 2,5 Kg - 1 comprimido;Medicamentos;Medicamentos > Antipulgas e Carrapatos
Antipulgas Zoetis Simparic Trio 48 mg para Cães de 20,1 Kg a 40 Kg - 1 compimido;Medicamentos;Medicamentos > Antipulgas e Carrapatos
Antipulgas Zoetis Simparic Trio 48 mg para Cães de 20,1 Kg a 40 Kg - 3 comprimidos;Medicamentos;Medicamentos > Antipulgas e Carrapatos
Antipulgas Zoetis Simparic Trio 6 mg para Cães de 2,6 Kg a 5 Kg - 1 comprimido;Medicamentos;Medicamentos > Antipulgas e Carrapatos
Antipulgas Zoetis Simparic Trio 72 mg para Cães de 40,1 Kg a 60 Kg - 1 comprimido;Medicamentos;Medicamentos > Antipulgas e Carrapatos
BUTOX FRASCO 20 ML;Medicamentos;Medicamentos > Antipulgas e Carrapatos
CANIS FULL SPOT 11 A 25KG;Medicamentos;Medicamentos > Antipulgas e Carrapatos
CANIS FULL SPOT 26 A 40KG;Medicamentos;Medicamentos > Antipulgas e Carrapatos
CANIS FULL SPOT 41 A 60KG;Medicamentos;Medicamentos > Antipulgas e Carrapatos
Capstar 57 mg Antipulgas Elanco para Cães acima de 11,4 Kg;Medicamentos;Medicamentos > Antipulgas e Carrapatos
Capstar 57 mg Antipulgas Elanco para Cães acima de 11,4 Kg - 1 comprimido;Medicamentos;Medicamentos > Antipulgas e Carrapatos
Capstar 57 mg Antipulgas Elanco para Cães acima de 11,4 Kg - 6 comprimido;Medicamentos;Medicamentos > Antipulgas e Carrapatos
Coleira Antipulgas Scalibor Cães Grandes 65 cm;Medicamentos;Medicamentos > Antipulgas e Carrapatos
Coleira Antipulgas Scalibor Cães Pequenos/Médios 48 cm;Medicamentos;Medicamentos > Antipulgas e Carrapatos
Coleira Antipulgas Seresto Cães Acima de 8 kg - 8 meses de proteção Único;Medicamentos;Medicamentos > Antipulgas e Carrapatos
Coleira Antipulgas Seresto Cães e gatos até 8 kg - 8 meses de proteção Único;Medicamentos;Medicamentos > Antipulgas e Carrapatos
COLEIRA ECTOFEND G AZUL;Medicamentos;Medicamentos > Antipulgas e Carrapatos
COLEIRA ECTOFEND G ROSA;Medicamentos;Medicamentos > Antipulgas e Carrapatos
COLEIRA ECTOFEND P AZUL;Medicamentos;Medicamentos > Antipulgas e Carrapatos
COLEIRA ECTOFEND P ROSA;Medicamentos;Medicamentos > Antipulgas e Carrapatos
Coleira Frontmax Cães acima de 4kg;Medicamentos;Medicamentos > Antipulgas e Carrapatos
Coleira Frontmax Cães até 4kg;Medicamentos;Medicamentos > Antipulgas e Carrapatos
Comfortis Elanco 560mg para Cães de 9 a 18Kg - 1 Comprimido - OFERTA VALIDADE CURTA Val 08/2026;Medicamentos;Medicamentos > Antipulgas e Carrapatos
Credeli 12mg para Gatos de 0,9 a 2,0kg - Antipulgas e Carrapatos Elanco 1 Comprimido;Medicamentos;Medicamentos > Antipulgas e Carrapatos
Credeli 48mg para Gatos de 2,1 a 8,0kg - Antipulgas e Carrapatos Elanco 1 Comprimido;Medicamentos;Medicamentos > Antipulgas e Carrapatos
Defendog Spray Virbac 250 ml;Medicamentos;Medicamentos > Antipulgas e Carrapatos
EFFIPRO CAES ATE 10 KG 1 X0,67;Medicamentos;Medicamentos > Antipulgas e Carrapatos
EFFIPRO SPRAY 100ML;Medicamentos;Medicamentos > Antipulgas e Carrapatos
EFIPET 3+ 4 A 9KG 1,5ML;Medicamentos;Medicamentos > Antipulgas e Carrapatos
EFIPET 3+ ATE 4KG 0,67ML;Medicamentos;Medicamentos > Antipulgas e Carrapatos
EFIPET 3+ DE 24 A 40KG 6,7ML;Medicamentos;Medicamentos > Antipulgas e Carrapatos
EFIPET 3+ DE 40 A 60KG 10ML;Medicamentos;Medicamentos > Antipulgas e Carrapatos
EFIPET 3+ DE 9 A 24KG 4,0ML;Medicamentos;Medicamentos > Antipulgas e Carrapatos
FELINE ENDOSPOT + 5KG;Medicamentos;Medicamentos > Antipulgas e Carrapatos
FELINE ENDOSPOT ATE 2 a 5KG;Medicamentos;Medicamentos > Antipulgas e Carrapatos
FLUIDO IBASA SPRAY 100ML;Medicamentos;Medicamentos > Antipulgas e Carrapatos
FLUIDO IBASA SPRAY 200ML;Medicamentos;Medicamentos > Antipulgas e Carrapatos
FRONT. PLUS CAO G C/1P 20-40KG .;Medicamentos;Medicamentos > Antipulgas e Carrapatos
FRONT. PLUS CAO GG C/1P 40-60KG;Medicamentos;Medicamentos > Antipulgas e Carrapatos
FRONT. PLUS CAO M C/1P 10-20KG;Medicamentos;Medicamentos > Antipulgas e Carrapatos
FRONT. PLUS CAO P C/1P 01-10KG;Medicamentos;Medicamentos > Antipulgas e Carrapatos
FRONT. PLUS GATO C/1P 1 DS;Medicamentos;Medicamentos > Antipulgas e Carrapatos
FRONT. TOP SPOT CAO P C/1P 01-10KG;Medicamentos;Medicamentos > Antipulgas e Carrapatos
Nexgard Antipulgas e Carrapatos para Cachorros de 2 a 4kg;Medicamentos;Medicamentos > Antipulgas e Carrapatos
Nexgard Antipulgas e Carrapatos para Cachorros de 2 a 4kg - 1 Comprimido;Medicamentos;Medicamentos > Antipulgas e Carrapatos
Nexgard Antipulgas e Carrapatos para Cachorros de 2 a 4kg - 3 Comprimidos;Medicamentos;Medicamentos > Antipulgas e Carrapatos
NexGard Antipulgas e Carrapatos para Cães de 10,1 a 25kg;Medicamentos;Medicamentos > Antipulgas e Carrapatos
NexGard Antipulgas e Carrapatos para Cães de 10,1 a 25kg - 1 Comprimido;Medicamentos;Medicamentos > Antipulgas e Carrapatos
NexGard Antipulgas e Carrapatos para Cães de 10,1 a 25kg - 3 Comprimidos;Medicamentos;Medicamentos > Antipulgas e Carrapatos
NexGard Antipulgas e Carrapatos para Cães de 25,1 a 50 kg;Medicamentos;Medicamentos > Antipulgas e Carrapatos
NexGard Antipulgas e Carrapatos para Cães de 25,1 a 50 kg - 1 Comprimido;Medicamentos;Medicamentos > Antipulgas e Carrapatos
NexGard Antipulgas e Carrapatos para Cães de 25,1 a 50 kg - 3 Comprimidos;Medicamentos;Medicamentos > Antipulgas e Carrapatos
NexGard Antipulgas e Carrapatos para Cães de 4,1 a 10kg;Medicamentos;Medicamentos > Antipulgas e Carrapatos
NexGard Antipulgas e Carrapatos para Cães de 4,1 a 10kg - 1 Comprimido;Medicamentos;Medicamentos > Antipulgas e Carrapatos
NexGard Antipulgas e Carrapatos para Cães de 4,1 a 10kg - 3 Comprimidos;Medicamentos;Medicamentos > Antipulgas e Carrapatos
NexGard Spectra Antipulgas e Vermífugo Cães 15,1 kg a 30 kg G;Medicamentos;Medicamentos > Antipulgas e Carrapatos
NexGard Spectra Antipulgas e Vermífugo Cães 2 a 3,5 kg PP - 3 Tabletes;Medicamentos;Medicamentos > Antipulgas e Carrapatos
NexGard Spectra Antipulgas e Vermífugo Cães 2 kg a 3,5 kg PP;Medicamentos;Medicamentos > Antipulgas e Carrapatos
NexGard Spectra Antipulgas e Vermífugo Cães 3,6 kg a 7,5 kg P;Medicamentos;Medicamentos > Antipulgas e Carrapatos
NexGard Spectra Antipulgas e Vermífugo Cães 3,6 kg a 7,5 kg P - 3 Tabletes;Medicamentos;Medicamentos > Antipulgas e Carrapatos
NexGard Spectra Antipulgas e Vermífugo Cães 30,1 kg a 60 kg GG;Medicamentos;Medicamentos > Antipulgas e Carrapatos
NexGard Spectra Antipulgas e Vermífugo Cães 30,1 kg a 60 kg GG - 3 Tabletes;Medicamentos;Medicamentos > Antipulgas e Carrapatos
NexGard Spectra Antipulgas e Vermífugo Cães 7,6 kg a 15 kg M;Medicamentos;Medicamentos > Antipulgas e Carrapatos
NexGard Spectra Antipulgas e Vermífugo Cães 7,6 kg a 15 kg M - 3 Tabletes;Medicamentos;Medicamentos > Antipulgas e Carrapatos
NexGard Spectra Cães Antipulgas e Vermífugo 15,1 kg a 30 kg G - 3 Tabletes;Medicamentos;Medicamentos > Antipulgas e Carrapatos
Phisioderm Spot On 2ml 6 Pipetas;Medicamentos;Medicamentos > Antipulgas e Carrapatos
Phisioderm Spot On 4 mL 6 Pipetas;Medicamentos;Medicamentos > Antipulgas e Carrapatos
SIMPARIC_TRIO 6 mg 3 comprimidos;Medicamentos;Medicamentos > Antipulgas e Carrapatos
SIMPARIC_TRIO 72 mg 3 comprimidos;Medicamentos;Medicamentos > Antipulgas e Carrapatos
TALCO ANTIPULGAS 100G IBASA;Medicamentos;Medicamentos > Antipulgas e Carrapatos
TALCO ANTIPULGAS ECOVET 100 G;Medicamentos;Medicamentos > Antipulgas e Carrapatos
TRIATOX 40ML;Medicamentos;Medicamentos > Antipulgas e Carrapatos
VECTRA 3D CAES 1,5 A 4 KG;Medicamentos;Medicamentos > Antipulgas e Carrapatos
VECTRA 3D CAES 10 A 25;Medicamentos;Medicamentos > Antipulgas e Carrapatos
VECTRA 3D CAES 4 A 10 KG;Medicamentos;Medicamentos > Antipulgas e Carrapatos
VECTRA 3D CAES 40 A 67;Medicamentos;Medicamentos > Antipulgas e Carrapatos
VECTRA GATOS 1 ML;Medicamentos;Medicamentos > Antipulgas e Carrapatos
Vermífugo Labyes Feline Endospot para Gatos até 2Kg;Medicamentos;Medicamentos > Antipulgas e Carrapatos
Antiparasitário Virbac grantelm para Cães c/ 4 comprimidos;Medicamentos;Medicamentos > Vermífugos
DRONTAL GATOS SPOTON 0,5KG E 2,5KG;Medicamentos;Medicamentos > Vermífugos
DRONTAL PUPPY 100 ML;Medicamentos;Medicamentos > Vermífugos
ENDOGARD 10KG - 2 COMP;Medicamentos;Medicamentos > Vermífugos
ENDOGARD 10KG - 6 COMP;Medicamentos;Medicamentos > Vermífugos
ENDOGARD 2,5KG - 2 COMP;Medicamentos;Medicamentos > Vermífugos
ENDOGARD 2,5KG - 6 COMP;Medicamentos;Medicamentos > Vermífugos
ENDOGARD 30KG - 2 COMP;Medicamentos;Medicamentos > Vermífugos
ENDOGARD 30KG - 6 COMP;Medicamentos;Medicamentos > Vermífugos
Giardicid 50 mg 10 comprimidos;Medicamentos;Medicamentos > Vermífugos
Giardicid 500 mg 05 comprimidos;Medicamentos;Medicamentos > Vermífugos
Giardicid 500 mg 05 comprimidos - VALIDADE PRÓXIMA;Medicamentos;Medicamentos > Vermífugos
Giardicid 500 mg 10 comprimidos;Medicamentos;Medicamentos > Vermífugos
Giardicid 50mg 10 comprimidos - VALIDADE PRÓXIMA;Medicamentos;Medicamentos > Vermífugos
Giardicid Suspensão 50 ml para Cães e Gatos;Medicamentos;Medicamentos > Vermífugos
Milteforan Tratamento Leishmaniose Virbac 30ml;Medicamentos;Medicamentos > Vermífugos
Milteforan Tratamento Leishmaniose Virbac 60ml;Medicamentos;Medicamentos > Vermífugos
Milteforan Tratamento Para Leishmaniose Virbac 90ml;Medicamentos;Medicamentos > Vermífugos
Organnact Prata - Spray Antiparasitário Tamanho:200 mL;Medicamentos;Medicamentos > Vermífugos
Organnact Prata - Spray Antiparasitário Tamanho:500mL;Medicamentos;Medicamentos > Vermífugos
Vermífugo Drontal Puppy Suspensão 20 ml;Medicamentos;Medicamentos > Vermífugos
Vermífugo Elanco Drontal Plus Gatos 4Kg - 4 Comprimidos - 1 caixa;Medicamentos;Medicamentos > Vermífugos
Vermífugo Elanco Drontal Plus Sabor Carne para Cães 10 Kg - 2 Comprimidos;Medicamentos;Medicamentos > Vermífugos
Vermífugo Elanco Drontal Plus Sabor Carne para Cães 10 Kg - 4 Comprimidos;Medicamentos;Medicamentos > Vermífugos
Vermífugo Elanco Drontal Plus Sabor Carne para Cães 35 Kg - 2 Comprimidos;Medicamentos;Medicamentos > Vermífugos
Vermífugo Elanco Milbemax C para Cães até 5 Kg 2 Comprimidos  - 1cx;Medicamentos;Medicamentos > Vermífugos
Vermífugo Elanco Milbemax C para Cães de 5 a 25Kg 2 Comprimidos - 1cx;Medicamentos;Medicamentos > Vermífugos
Vermifugo Elanco Milbemax FC para Gatos de 2 Kg a 8 Kg 2 Comprimidos - 1CX;Medicamentos;Medicamentos > Vermífugos
Vermífugo Fenzol Pet 500 mg 6 comprimidos;Medicamentos;Medicamentos > Vermífugos
Vermífugo Helfine Plus Cães 4 Comprimidos;Medicamentos;Medicamentos > Vermífugos
Vermífugo Helfine Plus Gatos 2 Comprimidos;Medicamentos;Medicamentos > Vermífugos
Vermifugo Milbemax para Gatos ate 2kg Filhotes Elanco 2 Comprimidos - 1CX;Medicamentos;Medicamentos > Vermífugos
VETMAX PLUS DISPLAY 20 X 4 COMP.;Medicamentos;Medicamentos > Vermífugos
Vetmax Plus Suspensão Vetnil 30 ml;Medicamentos;Medicamentos > Vermífugos
Aplicador De Comprimidos Remédios Pet Para Cães E Gatos Pets;Medicamentos;Acessórios
Aurigen Gel Otologico 15g - Ourofino Pet;Medicamentos;Medicamentos > Ouvido e Higiene Auricular
Auritop Gel Otológico 15g - OuroFino;Medicamentos;Medicamentos > Ouvido e Higiene Auricular
Cortotic Solução Otológica Para Cães 16ml - Virbac;Medicamentos;Medicamentos > Ouvido e Higiene Auricular
Easotic Solução Otológico Para Cães 10ml - Virbac;Medicamentos;Medicamentos > Ouvido e Higiene Auricular
Epiotic Solução Otológica Higiene Para Cães e Gatos 100ml Virbac;Medicamentos;Medicamentos > Ouvido e Higiene Auricular
Limp e Hidrat Solução Para Limpeza de Ouvidos Ourofino 100ml;Medicamentos;Medicamentos > Ouvido e Higiene Auricular
Otocalm Tratamento Para Otite Em Cães E Gatos 14ml Agener;Medicamentos;Medicamentos > Ouvido e Higiene Auricular
OTOCARE 100 ML;Medicamentos;Medicamentos > Ouvido e Higiene Auricular
Panolog Pomada Auricular 15 ml - Elanco;Medicamentos;Medicamentos > Ouvido e Higiene Auricular
Phisio Antiodor Limpador Auricular 100 ml;Medicamentos;Medicamentos > Ouvido e Higiene Auricular
PHISIODERM LIMPADOR AURICULAR 100ML;Medicamentos;Medicamentos > Ouvido e Higiene Auricular
Pomada Otológica Aurivet 13 g;Medicamentos;Medicamentos > Ouvido e Higiene Auricular
Posatex Suspensão Otológica para Cães 17,5 ml;Medicamentos;Medicamentos > Ouvido e Higiene Auricular
Removedor Organnact de Cerúmen - 100 mL;Medicamentos;Medicamentos > Ouvido e Higiene Auricular
Solução Otológica Avert Oat Care para Cães e Gatos;Medicamentos;Medicamentos > Ouvido e Higiene Auricular
Solução Otológica Clean Up Agener 100 ml;Medicamentos;Medicamentos > Ouvido e Higiene Auricular
Solução Otológica Otoguard Cepav 20 ml;Medicamentos;Medicamentos > Ouvido e Higiene Auricular
BANDPET P ESTERIL 8 UND;Medicamentos;Higiene e Limpeza > Fraldas e Tapetes Higiênicos
Curativo BANDPET G Esteril 8 Unidades;Medicamentos;Higiene e Limpeza > Fraldas e Tapetes Higiênicos
Curativo BANDPET G Não Esteril 7 Unidades;Medicamentos;Higiene e Limpeza > Fraldas e Tapetes Higiênicos
Curativo BANDPET M Esteril 8 Unidades;Medicamentos;Higiene e Limpeza > Fraldas e Tapetes Higiênicos
Curativo BANDPET M Não Esteril 7 Unidades;Medicamentos;Higiene e Limpeza > Fraldas e Tapetes Higiênicos
Curativo BANDPET P Não Esteril 7 Unidades;Medicamentos;Higiene e Limpeza > Fraldas e Tapetes Higiênicos
Curativo BANDPET PP Esteril 20 Unidades;Medicamentos;Higiene e Limpeza > Fraldas e Tapetes Higiênicos
Curativo BANDPET PP Não Esteril 7 Unidades;Medicamentos;Higiene e Limpeza > Fraldas e Tapetes Higiênicos
CASCO BOVINO;Medicamentos;Ração para Cães > Petiscos para Cães
MASTIG - ORELHA BOVINA NATURAL;Medicamentos;Ração para Cães > Petiscos para Cães
Petisco Vet Life RENAL Dental para Cães de Raças Médias e Grandes 0,1KG;Medicamentos;Ração para Cães > Petiscos para Cães
CETOCONAZOL SHAMPOO 100ML;Medicamentos;Higiene e Limpeza > Shampoos de Tratamento
Hidrapet Shampoo 200ml;Medicamentos;Higiene e Limpeza > Shampoos de Tratamento
Hidrapet Shampoo 500ml;Medicamentos;Higiene e Limpeza > Shampoos de Tratamento
Sabonete Matacura Sarnicida e Antipulgas para Cães 80G;Medicamentos;Higiene e Limpeza > Shampoos de Tratamento
Sebotrat O Shampoo 200 ml;Medicamentos;Higiene e Limpeza > Shampoos de Tratamento
SHAMPOO ANTIPULGAS IBASA 200ML;Medicamentos;Higiene e Limpeza > Shampoos de Tratamento
Shampoo Ketochlor 250 mL Virbac;Medicamentos;Higiene e Limpeza > Shampoos de Tratamento
Tiuran Sabonete Sarnicida e Fungicida para Cães e Gatos Duprat 80g;Medicamentos;Higiene e Limpeza > Shampoos de Tratamento
Colírio Cinerária Marítima Provets - 10mL;Medicamentos;Medicamentos > Oftálmicos
Colírio Ciprovet Labyes para Cães e Gatos - 5 mL;Medicamentos;Medicamentos > Oftálmicos
Colírio Labyes Tears Substituto das Lágrimas - 8 mL;Medicamentos;Medicamentos > Oftálmicos
Colírio Oftmálmico Lacri Cães 15ml;Medicamentos;Medicamentos > Oftálmicos
Optivet Tears 10 ml;Medicamentos;Medicamentos > Oftálmicos
Solução de Limpeza Soft Care Eye Clean Up 100ml;Medicamentos;Medicamentos > Oftálmicos
COMPPLET MIX - SACHE 60G;Medicamentos;Ração para Cães > Ração Úmida
Mammy Dog Sache 300g;Medicamentos;Ração para Cães > Ração Úmida
Ração Úmida Royal Canin Lata Veterinary Diet Hepatic Para Cães Com Insuficiência Hepática Crônica - 420 G;Medicamentos;Ração para Cães > Ração Úmida
Ração Úmida Royal Canin Veterinary Diet Renal para Cães com Insuficiência Renal Crônica - 410 g;Medicamentos;Ração para Cães > Ração Úmida
SUPPORT MILK CAT 300G - SACHE;Medicamentos;Ração para Cães > Ração Úmida
DENTAL CARE 1,5KG;Medicamentos;Medicamentos > Saúde Bucal
DOGFY DENTAL;Medicamentos;Medicamentos > Saúde Bucal
ESPUMA BUCAL IBASA 50ML;Medicamentos;Medicamentos > Saúde Bucal
GOOD CARE BOM HALITO 230 ML;Medicamentos;Medicamentos > Saúde Bucal
Solução Oral Aquadent Fresh Virbac 250 ml;Medicamentos;Medicamentos > Saúde Bucal
Mucomucil Expectorante 50 ml para Cães e Gatos;Medicamentos;Medicamentos > Respiratórios
Xarope Expectorante Tussedan Biofarm Cães e Gatos - 100ml;Medicamentos;Medicamentos > Respiratórios
Ração Farmina Cibau Adult para Cães Adultos de Raças Grandes 15KG;Medicamentos;Ração para Cães > Tratamento
Ração Farmina N&D Tropical Selection para Cães Adultos de Porte Médio e Grande Sabor Suíno, Cereais e Frutas Tropicais 10,1Kg;Medicamentos;Ração para Cães > Tratamento
Ração Farmina Vet Life Gastrointestinal UltraCare Low Fat para Cães Adultos 1,5KG;Medicamentos;Ração para Cães > Tratamento
Ração Farmina Vet Life Gastrointestinal UltraCare Low Fat para Cães Adultos 10,1KG;Medicamentos;Ração para Cães > Tratamento
Ração Farmina Vet Life Gastrointestinal UltraCare Low Fat para Cães Adultos Pequenos e Mini 1,5KG;Medicamentos;Ração para Cães > Tratamento
Ração Premier Nutrição Clínica Renal para Cães Adultos Médio e Grande Porte 10,1Kg;Medicamentos;Ração para Cães > Tratamento
Ração Seca Royal Canin Veterinary Diet Hepatic para Cães Adultos com Insuficiência Hepática Crônica 2kg;Medicamentos;Ração para Cães > Tratamento
Ração Seca Royal Canin Veterinary Diet Renal para Cães com Insuficiência Renal Crônica 2kg;Medicamentos;Ração para Cães > Tratamento
Ração Vet Life Natural Obesity & Diabetic Fish para Cães Adultos 2KG;Medicamentos;Ração para Cães > Tratamento
Ração Royal Canin Veterinary Diet Gastrointestinal Gatos com Doenças Intestinais 1,5kg;Medicamentos;Ração para Gatos > Tratamento
Ração Royal Canin Veterinary Diet Hypoallergenic para Gatos com Sensibilidades Alimentares 1,5kg;Medicamentos;Ração para Gatos > Tratamento
Ração Royal Canin Veterinary Diet Renal para Gatos com Insuficiência Renal 1,5kg;Medicamentos;Ração para Gatos > Tratamento
Ração Royal Canin Veterinary Diet Renal Special para Gatos com Insuficiência Renal 1,5kg;Medicamentos;Ração para Gatos > Tratamento
Ração Royal Canin Veterinary Diet Urinary S/O para Gatos com Cálculos Urinários 1,5kg;Medicamentos;Ração para Gatos > Tratamento
Ração Seca Royal Canin Veterinary Diet Diabetic para Gatos Adultos com Diabetes - 1,5 Kg;Medicamentos;Ração para Gatos > Tratamento
Ração Vet Life Hypoallergenic Pork e Potato para Gatos 400G;Medicamentos;Ração para Gatos > Tratamento
RPC CASTRAÇÃO DRY LIGHT SUPREME CÃO - AZUL | 0;Medicamentos;Acessórios > Roupas > RPC
RPC CASTRAÇÃO DRY LIGHT SUPREME CÃO - AZUL | 00;Medicamentos;Acessórios > Roupas > RPC
RPC CASTRAÇÃO DRY LIGHT SUPREME CÃO - AZUL | 1;Medicamentos;Acessórios > Roupas > RPC
RPC CASTRAÇÃO DRY LIGHT SUPREME CÃO - AZUL | 10;Medicamentos;Acessórios > Roupas > RPC
RPC CASTRAÇÃO DRY LIGHT SUPREME CÃO - AZUL | 11;Medicamentos;Acessórios > Roupas > RPC
RPC CASTRAÇÃO DRY LIGHT SUPREME CÃO - AZUL | 12;Medicamentos;Acessórios > Roupas > RPC
RPC CASTRAÇÃO DRY LIGHT SUPREME CÃO - AZUL | 13;Medicamentos;Acessórios > Roupas > RPC
RPC CASTRAÇÃO DRY LIGHT SUPREME CÃO - AZUL | 14;Medicamentos;Acessórios > Roupas > RPC
RPC CASTRAÇÃO DRY LIGHT SUPREME CÃO - AZUL | 15;Medicamentos;Acessórios > Roupas > RPC
RPC CASTRAÇÃO DRY LIGHT SUPREME CÃO - AZUL | 16;Medicamentos;Acessórios > Roupas > RPC
RPC CASTRAÇÃO DRY LIGHT SUPREME CÃO - AZUL | 2;Medicamentos;Acessórios > Roupas > RPC
RPC CASTRAÇÃO DRY LIGHT SUPREME CÃO - AZUL | 3;Medicamentos;Acessórios > Roupas > RPC
RPC CASTRAÇÃO DRY LIGHT SUPREME CÃO - AZUL | 4;Medicamentos;Acessórios > Roupas > RPC
RPC CASTRAÇÃO DRY LIGHT SUPREME CÃO - AZUL | 5;Medicamentos;Acessórios > Roupas > RPC
RPC CASTRAÇÃO DRY LIGHT SUPREME CÃO - AZUL | 6;Medicamentos;Acessórios > Roupas > RPC
RPC CASTRAÇÃO DRY LIGHT SUPREME CÃO - AZUL | 7;Medicamentos;Acessórios > Roupas > RPC
RPC CASTRAÇÃO DRY LIGHT SUPREME CÃO - AZUL | 8;Medicamentos;Acessórios > Roupas > RPC
RPC CASTRAÇÃO DRY LIGHT SUPREME CÃO - AZUL | 9;Medicamentos;Acessórios > Roupas > RPC
RPC CASTRAÇÃO MACHO DUO DRY - AZUL | 0;Medicamentos;Acessórios > Roupas > RPC
RPC CASTRAÇÃO MACHO DUO DRY - AZUL | 00;Medicamentos;Acessórios > Roupas > RPC
RPC CASTRAÇÃO MACHO DUO DRY - AZUL | 15;Medicamentos;Acessórios > Roupas > RPC
RPC CASTRAÇÃO MACHO DUO DRY - AZUL | 16;Medicamentos;Acessórios > Roupas > RPC
RPC GATO DUO DRY - VERDE | 5;Medicamentos;Acessórios > Roupas > RPC
RPC REGULAR DUO DRY - VERDE | 00;Medicamentos;Acessórios > Roupas > RPC
RPC REGULAR DUO DRY - VERDE | 14;Medicamentos;Acessórios > Roupas > RPC
RPC REGULAR DUO DRY - VERDE | 15;Medicamentos;Acessórios > Roupas > RPC
RPC REGULAR DUO DRY - VERDE | 16;Medicamentos;Acessórios > Roupas > RPC