id;nome;motivo
00be0f54-b0dd-4e69-b4ad-fb89ef251145;Petisco Doogs Dental Care Filet Mignon para Cães;sem código
01efcb47-7e89-4c7c-a147-9b74af9f6fd1;FLOR ORGANZA  - Vermelho - 20;sem código
06fedae4-3b88-4147-ae56-5365b14ee3f4;GRANULADO GREAT PETS 4KG;sem código
08bd494c-29ce-4bf7-a1e0-3307fa53ad3f;Comedouro Funcional Alto Lento Antiformiga 250ml;sem código
08c56a9b-4ee1-4612-91af-1b46517835c6;Premier Raças Específicas Maltês Filhotes;sem código
09ec77e4-51dc-496d-87cd-618c800c3952;Brinquedo Mordedor Garrafa com Bola de Tênis e Apito para Cães - Vermelho;sem código
0b87c934-71b9-4a35-b175-24c22bb1d18a;Brinquedo Pelúcia Salgadinho para Pet Dogritos e Lazy Dog - Lazy Dog;sem código
0bd85582-3cf3-418e-8ac3-e07ec5827985;GUIA+PEITORAL H BASIC;sem código
0c2e315d-b298-43ba-8a94-0b28c4c729b7;GUIA DE CORDA 1,2M;sem código
0c607ef4-992c-434c-be1a-7d2433ebec43;MORDEDOR SORVETINHO;sem código
0d8d7668-31de-41b1-a7b5-7491beeba2a6;Pomada CMR Cicatrizante HomeoPet;sem código
11d595df-49a2-45b4-977d-8026712e2b44;Mordedor de Borracha Resistente Vermelho - Halter;sem código
125d23fb-8671-436a-81e5-0e0d5169f181;Sementes de Pimenta Feltrin – 18 Variedades à Escolha | Aromáticas, Picantes e Decorativas;sem código
1275c701-6ced-4c95-a7be-016510edc2ad;FLOR ORGANZA  - Vermelho - 30;sem código
1494d668-263f-41b3-a342-82d8d8f86ac6;Tapete Higiênico K9 para Pets C/30 unidades;sem código
151fa6a0-2c38-4795-8d73-546acba9962a;BOLA OURICO LED - Azul - M - 6cm;sem código
15cc3fa1-d72b-4fb5-922f-1a5ab04c60e9;NexGard Antipulgas e Carrapatos para Cães de 4,1 a 10kg;sem código
16d01379-ef96-4ed6-87e8-98de89662cef;OSSO MACIO TEXTURIZADO - Sortido - 1 Osso;sem código
18e9dc7b-c056-4e99-8576-8ed1b1f24985;BRINQUEDO DE CORDA MIX - Osso - 3 Unidades;sem código
194b4a1a-982b-45ff-9aac-9b54da6a36a2;Nexgard Antipulgas e Carrapatos para Cachorros de 2 a 4kg;sem código
195633b7-2df2-4afb-8e69-b0a0596a9e41;Suplemento Vitamínico Avert Hemolipet para Cães e Gatos;sem código
2007e507-b629-44b2-bb29-01d6353aea2e;Caixa Transporte Love AZUL;sem código
2045ed70-4d8e-4d6f-ba15-15909ece1d63;Comedouro Funcional Alto Pet Toys para Gatos 250ml;sem código
20c874ad-ed10-43f0-b24b-6e68086a3a44;CIBAU FISH MINI 10KG;sem código
226911a6-8cfb-479a-a00e-77a31647c6a6;BOLA OURICO LED - Rosa - G - 9cm;sem código
241adb2a-fd79-4078-9eb7-551b8f93906c;BOLA OURICO LED;sem código
24d74da5-51ad-49c4-ba82-dfbb991a4c57;BOLA OURICO LED - Azul - G - 9cm;sem código
27fa753d-09ef-4743-b8d7-eb17c3f5d053;Bolsa de Transporte Aéreo Pet Latam - São Pet 40x28x25 cm;sem código
283ae554-53e6-4e1a-b723-4ffa3e68be8a;Brinquedo Bola Interativa Porta Petisco para Cães - 13 CM - Rosa;sem código
29dffbbc-d0eb-4e16-bf10-dcbfd610a1ab;NexGard Antipulgas e Carrapatos para Cães de 25,1 a 50 kg;sem código
2a2fb984-91b2-413d-bc12-fe15cc6e29ba;Ração Premier Nutrição Clínica Renal Porte Pequeno;sem código
2a3af919-e755-4ead-84a0-3d6175ce52c6;Banheiro Higiênico Cat Toilet - Pet injet;sem código
2af68d2f-dbd3-44a3-bcd7-4993f39c4754;Granulado Sanitário Katbom Capim Limão - Areia Higiênica para Gatos;sem código
2d313a1a-515d-496e-9456-08a6815d793f;TAPETE GELADO 50X90 G ESTAMPADO - Lêmure;sem código
2fecb546-932f-4a02-b784-fd528cb4c153;Brinquedo Pato de Pelúcia;sem código
30c15db9-99eb-4397-b530-bfcc4fb83cbd;Bebedouro Pelos Longos Pet Toys 1 Litro;sem código
310a3803-bf0e-4763-87ca-4852f4d2759a;Brinquedo Bola Interativa Porta Petisco para Cães - 13 CM;sem código
33fd50c2-8ec8-4ee6-8669-f1c27d4e3728;FLOR ORGANZA  - Rosa - 10;sem código
3436ea12-fa2e-49e3-8666-557309569460;Capstar 57 mg Antipulgas Elanco para Cães acima de 11,4 Kg;sem código
35acefe9-a97d-4817-b932-9027a488da19;Food Cat Adulto- Suplemento Vitamínico, Mineral e Aminoácido para Gatos;sem código
3743c1c5-5359-439d-8b9a-4b7210a2c668;Brinquedo de Pelúcia Garrafa de Champagne;sem código
37b2ac69-8be3-4ee5-950f-ea89c8abb45a;Coelho Pelucia Rosa 21cm;sem código
386afb14-44be-4696-a158-8b0927a38701;Food Dog Baixo Fósforo - Suplemento Vitamínico, Mineral e Aminoácido para Cães;sem código
402aa41a-bc2d-4cd4-ac79-327d165c5623;TAPETE GELADO 50X90 G ESTAMPADO - Bolhas;sem código
4372113d-d268-48ff-b687-99e46ba00508;Sementes de Frutas Feltrin – 15 Variedades à Escolha;sem código
43942c7c-f737-44cc-aca1-0b2ba0851f35;Premier Nutrição Clínica Cães Obesidade Pequeno Porte;sem código
4443f17d-f05d-42c1-a03b-cf847fe07ed1;TAPETE GELADO 50X90 G ESTAMPADO - Folhas;sem código
4479c1e5-715f-4e44-a1b4-a05a5d8402e1;PELUCIA OSSO;sem código
4480c103-34ab-4a4a-9b1a-77cf8149f89d;GUIA UNIFICADA TOH;sem código
44b590c1-cca1-4364-8100-83a9a98a4438;TAPETE GELADO 50X90 G ESTAMPADO;sem código
4506b09e-7cac-42b0-8e2d-a5ae7bfeb5ba;MORDEDOR FRUTAS CRISTAIS - Melancia;sem código
46d61390-66ea-4a96-99bf-fd1442f97399;Caixa Transporte Love Vermelha;sem código
47e3e690-07b3-43e1-94ac-3b937f6301b2;Comedouro Antiformiga Pet Toys 1000ml - Cores Metalizadas;sem código
48b15250-89fa-44ad-ab52-0a1762cb16d8;COLEIRA TAG ID - Noronha - PP;sem código
4930da0e-62a8-406a-91e0-1945a9947291;Food Dog Zero Proteína Animal - Suplemento Vitamínico, Mineral e Aminoácido para Cães;sem código
4c5f5a9a-5c3b-4b4b-b147-787c0c8c90ad;AREIA BIODEGRADAVEL TOFU CARVÃO 2KG;sem código
4cb411e2-b490-4e4c-8a38-17f5ef5124f2;Premier Nutrição Clínica Hipoalergênico Cordeiro e Arroz Cães de Pequeno Porte;sem código
4defab17-0315-45af-aa2a-5e5562a9fa10;Codigo/Referencia: C12041 - Escova rasqueadeira de botao de plastico curva  (120);sem código
4e60e7e7-26e2-4c6e-bf96-169323265faf;FLOR TECIDO PRENSADA 6 PETALAS;sem código
500ac644-47f8-4983-94c5-51fcda27206f;Premier Nutrição Clínica Cães Gastrointestinal Pequeno Porte;sem código
50ebf16b-099a-41e7-94bd-328b0390facc;Petisco Churu Patê para Gatos 4x14g;sem código
51174f65-c92d-4df6-b7a6-4d8811531c45;Food Dog Adulto - Suplemento Vitamínico, Mineral e Aminoácido para Cães;sem código
511cda0f-a2dd-47b5-ab63-db81cccc1f65;Sementes de Flores Feltrin – 36 Variedades à Escolha | Fácil Cultivo e Alto Florescimento;sem código
516bc34e-8c9a-492a-86c7-8f7edfc5cda7;TAPETIM GREAT PETS AVULSO;sem código
52a43a54-e11b-41b3-9b82-85d4f195a24e;Ração Premier Nutrição Clínica Renal Porte Pequeno;sem código
5357a3a1-7227-434b-9a78-9478d9dbbe08;FLOR ORGANZA  - Rosa BB - 10;sem código
55c01d3a-282f-456c-b2b8-3f315c80c26e;Premier Nutrição Clínica Cães Gastrointestinal Pequeno Porte - 2kg;sem código
56055a9d-ae09-44e1-a60e-e83258da02ae;Brinquedo Pelúcia Salgadinho para Pet Dogritos e Lazy Dog;sem código
5c03b4e3-af86-4dac-b96d-41f3413a6d4b;Brinquedo de Pelúcia com Corda;sem código
5e4a4885-d425-46b7-8074-210710c9c9f4;SILICA GROSSA GREAT PETS 1,6KG;sem código
61f44f80-df86-43b9-8d89-ce2c9e676400;Ração Premier Nutrição Clínica Renal Porte Pequeno - 2Kg;sem código
65b891cf-c895-4b06-a1a1-d645bfcb96d7;BOLA OURICO LED - Roxo - G - 9cm;sem código
69a28295-2f71-4d54-be42-9ae8f54c9471;COLEIRA TAG ID - Laguna - M;sem código
6a1c8226-fded-4350-895f-32aabfb61ab4;Comedouro Antiformiga Pet Toys 1000ml - Transparente Glíter;sem código
6a9bf9fc-e9d6-4d5e-88aa-6bf3e9d2bcb0;BRINQUEDO DE CORDA MIX;sem código
6c8be523-5a71-48ad-a0a6-7ba37e9b7117;Premier Raças Específicas Maltês Filhotes;sem código
6ff04ad4-7983-4383-8fe3-142eda36f41b;TAPETE GELADO 50X90 G ESTAMPADO - Siri;sem código
739a7fa4-8d84-4887-ba7f-e5a6824c71a5;TAPETE GELADO 50X90 G ESTAMPADO - Estrelas;sem código
750689eb-2210-4a22-8cd6-47612e04061c;Comedouro Grande Anti-Formiga 1900ml;sem código
754ae7c1-5eac-4617-b569-800ce5ffab13;MORDEDOR SUPER BOWL LED;sem código
784edcdd-077b-40dd-bf5f-d6a11bb96755;Ração Farmina N&D Ancestral Grain Frango e Romã Gatos Adultos Castrados 7,5kg;sem código
78aa28ce-d10f-43c8-893f-baba2e94c2bb;Mordedor de Borracha Resistente Vermelho;sem código
7a79e29b-45ca-4155-90f1-3f14b32d9dec;CASA ECO COLORS DOG HOUSE EVOLUTION n.05;sem código
7adb7ddc-c47d-4cdf-b53d-6bc7bb157de6;FLOR ORGANZA  - Rosa - 20;sem código
7bf926c2-5115-40f1-9f87-c0b9b59c5ce9;TAPETE GELADO 50X90 G ESTAMPADO - Urso;sem código
7ddee465-6f3f-45c0-9f85-5e0f4bbf1230;Bolsa de Transporte Aéreo Pet Gol - São Pet 43X32X24CM;sem código
7ebef72d-9758-4650-8937-0907c90ff5ec;PROTETOR DE PESCOCO PET M;sem código
80290020-71d5-4f95-a559-29b709a1ec8f;COLEIRA+GUIA  REFLETIVA;sem código
812a1a0b-762c-4a2f-93c8-b711a83ee17a;Caixa Transporte Love Vermelha Tamanho:n.03;sem código
81bf268b-4b06-445b-b31a-1662e03cd793;Brinquedo Mordedor Pneu de Borracha;sem código
81c3ae11-51f6-4206-b328-e0e6607bb38a;AREIA BIODEGRADAVEL FINA 3,8KG;sem código
833a84be-5ab7-41b1-a943-b7f4ae769bc4;TAPETE GELADO 50X90 G ESTAMPADO - Osso;sem código
83caa501-59e6-42f3-bab4-d15f2c81fad0;TAPETE GELADO 50X90 G ESTAMPADO - Patinhas;sem código
88355691-85b0-4f79-a396-386ea4e7f851;MORDEDOR FRUTAS CRISTAIS;sem código
88cecf54-1964-46d0-b9dd-d77a06759d11;FLOR ORGANZA  - Rosa BB - 30;sem código
8a7c0413-89a3-42bf-b8ee-e35bb4e83af4;CONJUNTO COLEIRA CABRESTO+GUIA CORDA;sem código
8d9e21c0-2416-4419-9dbc-443df33f465d;Brinquedo Osso de Bamboo Truqys para Cães;sem código
8e2e6486-54c0-43b7-984f-fea704581ec5;COLEIRA CABRESTO - Maresia - GG;sem código
8f7bddc9-3ef2-4969-a628-b9184045db82;Brinquedo Mordedor Garrafa com Bola de Tênis e Apito para Cães - Verde;sem código
9056411d-2414-4151-946c-dc872bb8fcec;Comedouro Pet Toys Gatos 160ml;sem código
912770c6-2f77-4e06-95a9-a44b8ef466bb;Comedouro Antiformiga Pet Toys 300ml;sem código
92dbcbae-b4fc-485b-959b-da1d9ea70e6c;Comedouro ou Bebedouro Alto Pet Toys 250g/500ml;sem código
93cdbb40-2036-40d1-912e-a5b76b457f3b;Pelo e Derme Gold - Vetnil;sem código
9480b136-5c26-41f0-8fdc-a22b31164f61;FLOR ORGANZA  - Rosa BB - 20;sem código
9501f0f0-3abc-4b1c-a446-3b2c36fbaec3;Brinquedo de Pelúcia Garrafa de Champagne - Rosa;sem código
95142356-dcc7-4fde-bbae-3e9848634586;Comedouro Pet Toys 1000ml - Cores Metalizadas;sem código
962028dd-5ab6-4b88-bada-b4659cc70b35;PEITORAL H +GUIA TOH;sem código
99cbb432-8a6d-411b-bee8-739c822ee289;Petisco Doogs Dental Care Filet Mignon para Cães;sem código
9a9cfb60-4ca5-48a0-a75e-bdf993cabdf2;Comedouro Funcional Alto Lento Pet Toys 250ml;sem código
9bca8279-7760-446d-b488-43b7f8948488;GUIA+PEITORAL DEGRADE PP;sem código
9c28c449-5bd9-44e3-91c6-b7dd2ba859df;Comedouro Grande Anti-Formiga 1900ml;sem código
a7e0055e-3f1a-429e-bb54-8a84c2253975;COLEIRA CABRESTO;sem código
ae6d0f82-c0bf-4396-854a-499ffb0dd70f;SILICA MICRO GREAT PETS 1,6KG;sem código
aec074e0-c1d5-48a3-80aa-2d9619c6691b;MAQUINA DE TOSA MO3 PROPETZ - MAQUINA ACABAMENTO - USO DOMESTICO;sem código
af2c4521-7262-485c-bcbe-719ba6a8886d;Brinquedo Mordedor Garrafa com Bola de Tênis e Apito para Cães - Azul;sem código
afe929fb-2a25-491e-b313-8766a689838f;Tapete Higiênico Zee.Dog Zeepad para Cães com 30 Unidades Preto ou Branco;sem código
b0b56f15-f862-4ee0-93e4-f297ed2d5405;TAPETE ULTRA SECÃO GREAT PETS;sem código
b0f3c4ee-acd1-44ff-9638-80b9021b4e25;Brinquedo Macaco de Borracha Maciça;sem código
b18a281f-6671-4da5-9e00-91f493d458cf;COMEDOURO INOX - Lilas;sem código
b191be89-287d-435c-9e27-5dff08753171;Premier Raças Específicas Maltês Filhotes - 1kg;sem código
b2b71e02-38e1-4566-ada2-9df6aef92f08;Granulado Sanitário Katbom Tradicional - Areia Higiênica para Gatos;sem código
b3e248cb-afff-493a-9e85-1d86f3ac1378;Comedouro Funcional Alto Antiformiga Pet Toys para Gatos 250ml;sem código
b727a1c5-5245-4329-80c6-cc8c6149f39d;Food Dog Filhote - Suplemento Vitamínico, Mineral e Aminoácido para Cães;sem código
b73943e7-d873-4516-b2f7-b3d208f7aa03;Guia + Peitoral H de gato;sem código
b7d3300b-b9bf-41c1-811a-9c59c9d06c7f;BRINQUEDO DE CORDA MIX - Bola - 3 Unidades;sem código
b7fb9be8-ecab-41a7-8efc-b874bc942948;TAPETE GELADO 50X90 G ESTAMPADO - Cacto;sem código
b92dfdb0-cb4a-4d55-a37b-4992337487c0;Pelúcia Raposa 35cm Brinquedo Pet Macio;sem código
ba4c0471-4464-4d0b-89ae-03ab87160d42;Brinquedo Pato de Pelúcia - Azul;sem código
bd0576a5-6ae8-483b-9407-2e9e0b96cecf;Referencia/Codigo: C12111 - Escova Rasqueadeira Dispenser pelos (120);sem código
bfbfa33f-461c-42bc-8216-8a2f1ab39ac3;TAPETE GELADO 50X90 G ESTAMPADO - Sapinho;sem código
c00f1fc2-c03f-4859-ac3d-a3ee730866ad;Rimadyl Zoetis 14 Comprimidos;sem código
c2f725f0-c43a-477e-8a8c-6060f67a001e;FeliComfort - Feliway Redução/Prevenção de Problemas Comportamentais de Gatos - Difusor;sem código
c43408e9-d463-46c0-9d42-a0bdc137ebc2;Zelotril 12 comprimidos para Cães e Gatos;sem código
c5baa125-3f1d-4a6a-8365-1d0b6e33871b;Food Dog Fit Fibras - Suplemento Vitamínico, Mineral e Aminoácido para Cães;sem código
c69ce949-b00f-490f-a63c-54f66fb8c8eb;Petpril 30 Comprimidos Agener União Vasodilatador - 05 mg;sem código
c75c7585-50d8-4e68-8103-236967aa46b9;COLEIRA TAG ID;sem código
c8698936-9006-4bdf-b778-facc6eca6f1b;BICHINHO PELUCIA SORTIDO - Pato;sem código
c8edbf02-0f12-4c19-9d77-148524b16980;NexGard Antipulgas e Carrapatos para Cães de 10,1 a 25kg;sem código
c99e0917-90c8-45d5-b0f4-9118d744c52a;Ovo de Páscoa Pet: Bifinho com Sabores Snack e Petisco;sem código
cabb5a77-f018-4960-94ff-a8471a6fd329;Sementes de Flores Feltrin – 36 Variedades à Escolha | Fácil Cultivo e Alto Florescimento - Kit 10 Pacotes à escolha;sem código
cb5ec265-a0dd-46e9-9904-d92140f9d414;COLEIRA CABRESTO - Azul - GG;sem código
cd3bec8a-cca3-4bc0-bbb3-fa6334146056;MORDEDOR SORVETINHO - Sortido - 1 Unidade;sem código
ce819887-8ce0-4bd2-9682-442c4ab4dd3e;Brinquedo Bola Interativa Porta Petisco para Cães - 13 CM - Vermelho;sem código
cfafbb09-8f66-49e6-9865-dd1968c3645e;PELUCIA OSSO - Bala;sem código
d11de8a3-536f-4104-9b6d-08b9d29be148;FLOR ORGANZA  - Rosa - 30;sem código
d1df2a79-d4ca-4b49-bb75-e4f993f1cbe5;FLOR ORGANZA;sem código
d2a48660-9a61-4c47-b9e4-630fa95d3272;Brinquedo Bola Super Bowl LED - Mordedor Interativo para Cachorro com Luzes Pisca Pisca - Verde;sem código
d42f1e96-84b1-4310-8372-ff7d452ddfae;Food Dog Sênior - Suplemento Vitamínico, Mineral e Aminoácido para Cães;sem código
d4589c58-0277-44d4-a813-1f3d5128f44e;TAPETE GELADO 50X90 G ESTAMPADO - Flor;sem código
d5554fb0-14c6-4884-9e7a-851995ccacc4;MORDEDOR SORVETINHO - Rosa - 1 Unidade;sem código
d6131cb2-9e78-42d4-934c-902c6df53393;Shampoo Allermyl Virbac para Cães e Gatos;sem código
d7d28855-17ab-4735-916f-b6b41aad8e1d;Premier Nutrição Clínica Cães Gastrointestinal Pequeno Porte;sem código
dad0bfee-afb8-4049-8dcd-9a20b350398f;FLOR ORGANZA  - Vermelho - 10;sem código
def87ec9-5753-4fcc-a057-163fbc12ea60;TAPETE GELADO 50X90 G ESTAMPADO - Cereja;sem código
e116aef0-dd5b-4a4d-b5ea-7614844307bb;AREIA BIODEGRADAVEL GROSSA 3,8kg;sem código
e1b5e553-33e0-486a-ab00-a2b72145c067;BICHINHO PELUCIA SORTIDO - Porco;sem código
e2bd6434-2941-4c55-8e54-7dd0f7d6202e;Premier Nutrição Clínica Cães Hipoalergênico Proteína Hidrolisada e Mandioca Pequeno Porte;sem código
e36c56c0-cd99-404a-b35b-cecdefbdcbf4;Brinquedo Pato de Pelúcia - Cinza;sem código
e7cf1774-6ae3-4def-a9d9-87cf182988b1;Premier Nutrição Clínica Cães Hipoalergênico Proteína Hidrolisada e Mandioca Pequeno Porte;sem código
e9fef9e1-aa95-4cdb-906a-3d235d5d642a;Comedouro Duplo Automático 460x300 ml;sem código
eacdff3e-0e13-4136-bbeb-064a6b2547b3;BICHINHO PELUCIA SORTIDO;sem código
ed2ac3f4-e980-4639-8d2d-d09e070097d8;COLEIRA TAG ID - Laguna - G;sem código
ee4717a1-484b-427b-9dcd-34d17f95cdc0;Food Dog Dietas Hiperproteicas - Suplemento Vitamínico, Mineral e Aminoácido para Cães;sem código
ef00bd0e-387a-48e6-ac4c-488f644d94e0;Pelo e Derme 750 DHA + EPA Vetnil;sem código
f15fd5a1-55a6-4594-a2f9-017e39250083;Brinquedo Corda com 2 Nós para pet;sem código
f28bdddd-10d3-4059-aa0c-7bb062461ca9;Bolsa de Transporte Aéreo Pet Azul - São Pet 43X31,5X20CM;sem código
f409211a-edf0-4b20-a439-a728458b6773;Comedouro ou Bebedouro Alto Pet Toys 250g/500ml;sem código
f53cb870-a750-48dd-a7ab-ed3c1417ac85;COLEIRA GATO SORTIDA TOH;sem código
f928a718-77e4-458a-81fd-b61aa0441b11;COLEIRA CABRESTO - Azul - G;sem código
fb67659b-6b66-4f7a-abda-771d3fb7f5f8;Premier Nutrição Clínica Cães Cardio Porte Pequeno;sem código